MGI	MGI:97740	Polb		GO:0006281	MGI:MGI:2152098|GO_REF:0000002	IEA	InterPro:IPR002008|InterPro:IPR003583	P	polymerase_(DNA_directed),_beta	A430088C08Rik|Pol_beta	protein	NCBITaxon:10090	20210627	UniProt		
MGI	MGI:97740	Polb		GO:0006281	MGI:MGI:1354194|GO_REF:0000004	IEA	UniProtKB-KW:KW-0234	P	polymerase_(DNA_directed),_beta	A430088C08Rik|Pol_beta	protein	NCBITaxon:10090	20210627	UniProt		
MGI	MGI:105393	Dmc1		GO:0006281	MGI:MGI:2152098|GO_REF:0000002	IEA	InterPro:IPR020588	P	DNA_meiotic_recombinase_1	Dmc1h|Mei11|sgdp	protein	NCBITaxon:10090	20210627	UniProt		
MGI	MGI:1860486	Tdp2		GO:0006281	MGI:MGI:1354194|GO_REF:0000004	IEA	UniProtKB-KW:KW-0234	P	tyrosyl-DNA_phosphodiesterase_2	D13Ertd656e|Ttrap	protein	NCBITaxon:10090	20210627	UniProt		
MGI	MGI:108247	Tdg		GO:0006281	MGI:MGI:1354194|GO_REF:0000004	IEA	UniProtKB-KW:KW-0234	P	thymine_DNA_glycosylase	E130317C12Rik|Jza1	protein	NCBITaxon:10090	20210627	UniProt		
MGI	MGI:1349767	Polk		GO:0006281	MGI:MGI:4834177|GO_REF:0000096	ISO	UniProtKB:Q9UBT6	P	polymerase_(DNA_directed),_kappa	Dinb1	protein	NCBITaxon:10090	20171017	MGI		
MGI	MGI:1349767	Polk		GO:0006281	MGI:MGI:2445277|PMID:12555660	IMP	MGI:MGI:2445458	P	polymerase_(DNA_directed),_kappa	Dinb1	protein	NCBITaxon:10090	20030821	MGI		
MGI	MGI:1860191	Polm		GO:0006281	MGI:MGI:1354194|GO_REF:0000004	IEA	UniProtKB-KW:KW-0234	P	polymerase_(DNA_directed),_mu	B230309I03Rik|Tdt-N	protein	NCBITaxon:10090	20210627	UniProt		
MGI	MGI:1860191	Polm		GO:0006281	MGI:MGI:2152098|GO_REF:0000002	IEA	InterPro:IPR027249	P	polymerase_(DNA_directed),_mu	B230309I03Rik|Tdt-N	protein	NCBITaxon:10090	20210627	UniProt		
MGI	MGI:97073	Mpg		GO:0006281	MGI:MGI:1354194|GO_REF:0000004	IEA	UniProtKB-KW:KW-0234	P	N-methylpurine-DNA_glycosylase	3-methyladenine_DNA_glycosylase|Aag|alkylpurine-DNA-N-glycosylase|APNG|Mid1	protein	NCBITaxon:10090	20210627	UniProt		
MGI	MGI:2675617	Poln		GO:0006281	MGI:MGI:1354194|GO_REF:0000004	IEA	UniProtKB-KW:KW-0234	P	DNA_polymerase_N	POL4P	protein	NCBITaxon:10090	20210627	UniProt		
MGI	MGI:1196391	Pole		GO:0006281	MGI:MGI:1354194|GO_REF:0000004	IEA	UniProtKB-KW:KW-0234	P	polymerase_(DNA_directed),_epsilon	pol-epsilon	protein	NCBITaxon:10090	20210627	UniProt		
MGI	MGI:1196391	Pole		GO:0006281	MGI:MGI:2152098|GO_REF:0000002	IEA	InterPro:IPR029703	P	polymerase_(DNA_directed),_epsilon	pol-epsilon	protein	NCBITaxon:10090	20210627	UniProt		
MGI	MGI:1347081	Poli		GO:0006281	MGI:MGI:2152098|GO_REF:0000002	IEA	InterPro:IPR036775|InterPro:IPR017961|InterPro:IPR001126	P	polymerase_(DNA_directed),_iota	Rad30b	protein	NCBITaxon:10090	20210627	UniProt		
MGI	MGI:1347081	Poli		GO:0006281	MGI:MGI:1354194|GO_REF:0000004	IEA	UniProtKB-KW:KW-0234	P	polymerase_(DNA_directed),_iota	Rad30b	protein	NCBITaxon:10090	20210627	UniProt		
MGI	MGI:1929074	Rev1		GO:0006281	MGI:MGI:2152098|GO_REF:0000002	IEA	InterPro:IPR036775|InterPro:IPR017961|InterPro:IPR012112|InterPro:IPR001126	P	REV1,_DNA_directed_polymerase	1110027I23Rik|Rev1l	protein	NCBITaxon:10090	20210627	UniProt		
MGI	MGI:1929074	Rev1		GO:0006281	MGI:MGI:1354194|GO_REF:0000004	IEA	UniProtKB-KW:KW-0234	P	REV1,_DNA_directed_polymerase	1110027I23Rik|Rev1l	protein	NCBITaxon:10090	20210627	UniProt		
MGI	MGI:1917853	Mutyh		GO:0006281	MGI:MGI:2389521|PMID:12200441	TAS		P	mutY_DNA_glycosylase	5730495A01Rik|Mutyha|Mutyhalpha|Mutyhb|Mutyhbeta|Mutyhc|Myh	protein	NCBITaxon:10090	20030430	MGI		
MGI	MGI:1889000	Poll		GO:0006281	MGI:MGI:1354194|GO_REF:0000004	IEA	UniProtKB-KW:KW-0234	P	polymerase_(DNA_directed),_lambda	1110003P06Rik	protein	NCBITaxon:10090	20210627	UniProt		
MGI	MGI:1889000	Poll		GO:0006281	MGI:MGI:2152098|GO_REF:0000002	IEA	InterPro:IPR002008	P	polymerase_(DNA_directed),_lambda	1110003P06Rik	protein	NCBITaxon:10090	20210627	UniProt		
MGI	MGI:1316678	Rad1		GO:0006281	PMID:21873635	IBA	PANTHER:PTN000093171|SGD:S000005895|WB:WBGene00003417	P	RAD1_checkpoint_DNA_exonuclease		protein	NCBITaxon:10090	20170228	GO_Central		
MGI	MGI:2155399	Polq		GO:0006281	MGI:MGI:3511081|PMID:15542845	IMP	MGI:MGI:2656007	P	polymerase_(DNA_directed),_theta	A430110D14Rik	protein	NCBITaxon:10090	20050216	MGI		
MGI	MGI:2155399	Polq		GO:0006281	MGI:MGI:3511081|PMID:15542845	IGI	MGI:MGI:107202	P	polymerase_(DNA_directed),_theta	A430110D14Rik	protein	NCBITaxon:10090	20050216	MGI		
MGI	MGI:2155399	Polq		GO:0006281	MGI:MGI:2654407|PMID:12663541	IMP	MGI:MGI:2656007	P	polymerase_(DNA_directed),_theta	A430110D14Rik	protein	NCBITaxon:10090	20050216	MGI		
MGI	MGI:109352	Ung		GO:0006281	MGI:MGI:1859986|PMID:10871356	TAS		P	uracil_DNA_glycosylase	UNG1	protein	NCBITaxon:10090	20000720	MGI		
MGI	MGI:1920036	Tdp1		GO:0006281	MGI:MGI:4943978|PMID:21390131	IMP		P	tyrosyl-DNA_phosphodiesterase_1	2810481F14Rik|4921509N21Rik|E430034L06Rik|Gm40556|SCAN1	protein	NCBITaxon:10090	20120710	MGI	CL:0000057	
MGI	MGI:1920036	Tdp1		GO:0006281	MGI:MGI:4834177|GO_REF:0000096	ISO	UniProtKB:Q9NUW8	P	tyrosyl-DNA_phosphodiesterase_1	2810481F14Rik|4921509N21Rik|E430034L06Rik|Gm40556|SCAN1	protein	NCBITaxon:10090	20090113	MGI		
MGI	MGI:2156057	Dclre1b		GO:0006281	MGI:MGI:1354194|GO_REF:0000004	IEA	UniProtKB-KW:KW-0234	P	DNA_cross-link_repair_1B	Apollo|mSNM1B|SNMIB	protein	NCBITaxon:10090	20210627	UniProt		
MGI	MGI:1335098	Lig4		GO:0006281	MGI:MGI:3037169|PMID:11779495	IMP	MGI:MGI:1857732	P	ligase_IV,_DNA,_ATP-dependent	5830471N16Rik|DNA_ligase_IV|tiny	protein	NCBITaxon:10090	20071003	MGI		
MGI	MGI:1335098	Lig4		GO:0006281	MGI:MGI:4943978|PMID:21390131	IMP		P	ligase_IV,_DNA,_ATP-dependent	5830471N16Rik|DNA_ligase_IV|tiny	protein	NCBITaxon:10090	20120710	MGI	CL:0000057	
MGI	MGI:1919999	Tonsl		GO:0006281	MGI:MGI:1354194|GO_REF:0000004	IEA	UniProtKB-KW:KW-0234	P	tonsoku-like,_DNA_repair_protein	2810439M11Rik|Nfkbil2	protein	NCBITaxon:10090	20210627	UniProt		
MGI	MGI:101949	Rad52		GO:0006281	MGI:MGI:2152098|GO_REF:0000002	IEA	InterPro:IPR007232	P	RAD52_homolog,_DNA_repair_protein		protein	NCBITaxon:10090	20210627	UniProt		
MGI	MGI:101949	Rad52		GO:0006281	MGI:MGI:1354194|GO_REF:0000004	IEA	UniProtKB-KW:KW-0234	P	RAD52_homolog,_DNA_repair_protein		protein	NCBITaxon:10090	20210627	UniProt		
MGI	MGI:101789	Lig1		GO:0006281	MGI:MGI:4943978|PMID:21390131	IMP		P	ligase_I,_DNA,_ATP-dependent	LigI|mLigI	protein	NCBITaxon:10090	20120710	MGI	CL:0000057	
MGI	MGI:2441769	Dclre1c		GO:0006281	MGI:MGI:1354194|GO_REF:0000004	IEA	UniProtKB-KW:KW-0234	P	DNA_cross-link_repair_1C	9930121L06Rik|Art|Artemis	protein	NCBITaxon:10090	20210627	UniProt		
MGI	MGI:96977	Mgmt		GO:0006281	MGI:MGI:2677087|PMID:13679151	IMP		P	O-6-methylguanine-DNA_methyltransferase	Agat|AGT	protein	NCBITaxon:10090	20040205	MGI		
MGI	MGI:96977	Mgmt		GO:0006281	PMID:21873635	IBA	PANTHER:PTN000087969|RGD:3087|MGI:MGI:96977	P	O-6-methylguanine-DNA_methyltransferase	Agat|AGT	protein	NCBITaxon:10090	20180816	GO_Central		
MGI	MGI:1097693	Ogg1		GO:0006281	MGI:MGI:3759387|PMID:12447686	IMP	MGI:MGI:2386943	P	8-oxoguanine_DNA-glycosylase_1	Mmh	protein	NCBITaxon:10090	20080207	MGI	EMAPA:16846	
MGI	MGI:1097693	Ogg1		GO:0006281	MGI:MGI:3715683|PMID:17213818	IGI	MGI:MGI:1100494	P	8-oxoguanine_DNA-glycosylase_1	Mmh	protein	NCBITaxon:10090	20080207	MGI	EMAPA:16846	
MGI	MGI:1097693	Ogg1		GO:0006281	MGI:MGI:3715683|PMID:17213818	IMP	MGI:MGI:2386943	P	8-oxoguanine_DNA-glycosylase_1	Mmh	protein	NCBITaxon:10090	20080207	MGI	EMAPA:16846	
MGI	MGI:1097693	Ogg1		GO:0006281	MGI:MGI:2150199|PMID:11532868	IMP	MGI:MGI:2386943	P	8-oxoguanine_DNA-glycosylase_1	Mmh	protein	NCBITaxon:10090	20060724	MGI		
MGI	MGI:1097693	Ogg1		GO:0006281	MGI:MGI:2668786|PMID:12874039	IMP	MGI:MGI:2386212	P	8-oxoguanine_DNA-glycosylase_1	Mmh	protein	NCBITaxon:10090	20031022	MGI		
MGI	MGI:1097693	Ogg1		GO:0006281	MGI:MGI:3759387|PMID:12447686	IGI	MGI:MGI:1100494	P	8-oxoguanine_DNA-glycosylase_1	Mmh	protein	NCBITaxon:10090	20080207	MGI	EMAPA:16846|EMAPA:18767|EMAPA:17373	
MGI	MGI:1354699	Fbh1		GO:0006281	MGI:MGI:1354194|GO_REF:0000004	IEA	UniProtKB-KW:KW-0234	P	F-box_DNA_helicase_1	Fbx18|Fbxo18	protein	NCBITaxon:10090	20210627	UniProt		
MGI	MGI:2443732	Dna2		GO:0006281	MGI:MGI:1354194|GO_REF:0000004	IEA	UniProtKB-KW:KW-0234	P	DNA_replication_helicase/nuclease_2	Dna2l|E130315B21Rik	protein	NCBITaxon:10090	20210627	UniProt		
MGI	MGI:3603756	Primpol		GO:0006281	MGI:MGI:1354194|GO_REF:0000004	IEA	UniProtKB-KW:KW-0234	P	primase_and_polymerase_(DNA-directed)	Ccdc111	protein	NCBITaxon:10090	20210627	UniProt		
MGI	MGI:2684980	Mms22l		GO:0006281	MGI:MGI:1354194|GO_REF:0000004	IEA	UniProtKB-KW:KW-0234	P	MMS22-like,_DNA_repair_protein	F730047E07Rik	protein	NCBITaxon:10090	20210627	UniProt		
MGI	MGI:109152	Lig3		GO:0006281	MGI:MGI:2152098|GO_REF:0000002	IEA	InterPro:IPR000977|InterPro:IPR012309|InterPro:IPR012310|InterPro:IPR012308|InterPro:IPR036599	P	ligase_III,_DNA,_ATP-dependent	D11Wsu78e	protein	NCBITaxon:10090	20210627	UniProt		
MGI	MGI:109152	Lig3		GO:0006281	MGI:MGI:1354194|GO_REF:0000004	IEA	UniProtKB-KW:KW-0234	P	ligase_III,_DNA,_ATP-dependent	D11Wsu78e	protein	NCBITaxon:10090	20210627	UniProt		
MGI	MGI:1916995	Pold4		GO:0006281	MGI:MGI:1354194|GO_REF:0000004	IEA	UniProtKB-KW:KW-0228|UniProtKB-KW:KW-0234	P	polymerase_(DNA-directed),_delta_4	2410012M21Rik|DNA_polymerase_delta_smallest_subunit_p12|p12	protein	NCBITaxon:10090	20210627	UniProt		
MGI	MGI:1930042	Dclre1a		GO:0006281	MGI:MGI:2152098|GO_REF:0000002	IEA	InterPro:IPR006642	P	DNA_cross-link_repair_1A	2810043H12Rik|mSNM1|SMN1a|SNM1	protein	NCBITaxon:10090	20210627	UniProt		
MGI	MGI:1930042	Dclre1a		GO:0006281	MGI:MGI:1354194|GO_REF:0000004	IEA	UniProtKB-KW:KW-0234	P	DNA_cross-link_repair_1A	2810043H12Rik|mSNM1|SMN1a|SNM1	protein	NCBITaxon:10090	20210627	UniProt		
MGI	MGI:2384588	Neil3		GO:0006281	MGI:MGI:1354194|GO_REF:0000004	IEA	UniProtKB-KW:KW-0234	P	nei_like_3_(E._coli)		protein	NCBITaxon:10090	20210627	UniProt		
MGI	MGI:2384588	Neil3		GO:0006281	MGI:MGI:2152098|GO_REF:0000002	IEA	InterPro:IPR015887	P	nei_like_3_(E._coli)		protein	NCBITaxon:10090	20210627	UniProt		
MGI	MGI:1891258	Parp3		GO:0006281	MGI:MGI:1354194|GO_REF:0000004	IEA	UniProtKB-KW:KW-0234	P	poly_(ADP-ribose)_polymerase_family,_member_3	A930002C11Rik|Adprt3|Adprtl3|PARP-3	protein	NCBITaxon:10090	20210627	UniProt		
MGI	MGI:1891457	Polh		GO:0006281	MGI:MGI:1354194|GO_REF:0000004	IEA	UniProtKB-KW:KW-0234	P	polymerase_(DNA_directed),_eta_(RAD_30_related)	RAD30A	protein	NCBITaxon:10090	20210627	UniProt		
MGI	MGI:1891457	Polh		GO:0006281	MGI:MGI:2152098|GO_REF:0000002	IEA	InterPro:IPR036775|InterPro:IPR017961|InterPro:IPR001126	P	polymerase_(DNA_directed),_eta_(RAD_30_related)	RAD30A	protein	NCBITaxon:10090	20210627	UniProt		
MGI	MGI:1341112	Parp2		GO:0006281	MGI:MGI:2386520|PMID:12065591	TAS		P	poly_(ADP-ribose)_polymerase_family,_member_2	Adprt2|Adprtl2|Aspartl2|C78626|PARP-2	protein	NCBITaxon:10090	20030107	MGI		
MGI	MGI:2686058	Neil2		GO:0006281	MGI:MGI:1354194|GO_REF:0000004	IEA	UniProtKB-KW:KW-0234	P	nei_like_2_(E._coli)	LOC382913|NEH2	protein	NCBITaxon:10090	20210627	UniProt		
MGI	MGI:1340806	Parp1		GO:0006281	MGI:MGI:2386520|PMID:12065591	TAS		P	poly_(ADP-ribose)_polymerase_family,_member_1	5830444G22Rik|Adprp|Adprt1|PARP|parp-1|sPARP-1	protein	NCBITaxon:10090	20030107	MGI		
MGI	MGI:1920024	Neil1		GO:0006281	MGI:MGI:2389521|PMID:12200441	IDA		P	nei_endonuclease_VIII-like_1_(E._coli)	2810450N13Rik	protein	NCBITaxon:10090	20030430	MGI		
MGI	MGI:2143057	Pif1		GO:0006281	MGI:MGI:1354194|GO_REF:0000004	IEA	UniProtKB-KW:KW-0234	P	PIF1_5'-to-3'_DNA_helicase	AI449441	protein	NCBITaxon:10090	20210627	UniProt		
MGI	MGI:2143057	Pif1		GO:0006281	MGI:MGI:2152098|GO_REF:0000002	IEA	InterPro:IPR010285	P	PIF1_5'-to-3'_DNA_helicase	AI449441	protein	NCBITaxon:10090	20210627	UniProt		
MGI	MGI:1924834	Spidr		GO:0006281	MGI:MGI:1354194|GO_REF:0000004	IEA	UniProtKB-KW:KW-0234	P	scaffolding_protein_involved_in_DNA_repair	2310008H04Rik	protein	NCBITaxon:10090	20210627	UniProt		
MGI	MGI:97741	Pold1		GO:0006281	MGI:MGI:1354194|GO_REF:0000004	IEA	UniProtKB-KW:KW-0228|UniProtKB-KW:KW-0234	P	polymerase_(DNA_directed),_delta_1,_catalytic_subunit	125kDa	protein	NCBITaxon:10090	20210627	UniProt		
MGI	MGI:1355314	Ddb2		GO:0006281	PMID:21873635	IBA	PANTHER:PTN000389377|UniProtKB:Q92466|TAIR:locus:2178808|MGI:MGI:1355314	P	damage_specific_DNA_binding_protein_2	2610043A19Rik|p48	protein	NCBITaxon:10090	20190108	GO_Central		
MGI	MGI:3525201	Mdc1		GO:0006281	MGI:MGI:1354194|GO_REF:0000004	IEA	UniProtKB-KW:KW-0234	P	mediator_of_DNA_damage_checkpoint_1	NFBD1	protein	NCBITaxon:10090	20210627	UniProt		
MGI	MGI:1202384	Ddb1		GO:0006281	PMID:21873635	IBA	PANTHER:PTN000068364|UniProtKB:Q16531|PomBase:SPAC17H9.10c	P	damage_specific_DNA_binding_protein_1	damage-specific_DNA-binding_protein,_DNA_repair|DNA_repair_protein|p127-Ddb1	protein	NCBITaxon:10090	20210107	GO_Central		
MGI	MGI:1913483	Dmap1		GO:0006281	MGI:MGI:2152098|GO_REF:0000002	IEA	InterPro:IPR027109	P	DNA_methyltransferase_1-associated_protein_1	1500016M21Rik	protein	NCBITaxon:10090	20210627	UniProt		
MGI	MGI:104779	Prkdc		GO:0006281	MGI:MGI:1354194|GO_REF:0000004	IEA	UniProtKB-KW:KW-0234	P	protein_kinase,_DNA_activated,_catalytic_polypeptide	DNAPDcs|DNA-PK|DNA-PKcs|DOXNPH|dxnph|slip|XRCC7	protein	NCBITaxon:10090	20210627	UniProt		
MGI	MGI:104779	Prkdc		GO:0006281	MGI:MGI:2152098|GO_REF:0000002	IEA	InterPro:IPR037706	P	protein_kinase,_DNA_activated,_catalytic_polypeptide	DNAPDcs|DNA-PK|DNA-PKcs|DOXNPH|dxnph|slip|XRCC7	protein	NCBITaxon:10090	20210627	UniProt		
MGI	MGI:96676	Kin		GO:0006281	MGI:MGI:1354194|GO_REF:0000004	IEA	UniProtKB-KW:KW-0234	P	Kin17_DNA_and_RNA_binding_protein	antigenic_determinant_of_rec-A_protein|Kin17	protein	NCBITaxon:10090	20210627	UniProt		
MGI	MGI:1354947	Polg2		GO:0006281	MGI:MGI:1353806|PMID:10666468	TAS		P	polymerase_(DNA_directed),_gamma_2,_accessory_subunit		protein	NCBITaxon:10090	20000731	MGI		
MGI	MGI:1915364	Pwwp3a		GO:0006281	MGI:MGI:4834177|GO_REF:0000096	ISO	UniProtKB:Q2TAK8	P	PWWP_domain_containing_3A,_DNA_repair_factor	9430059D04Rik|Mum1	protein	NCBITaxon:10090	20100408	MGI		
MGI	MGI:1915364	Pwwp3a		GO:0006281	PMID:21873635	IBA	PANTHER:PTN001263565|UniProtKB:Q2TAK8	P	PWWP_domain_containing_3A,_DNA_repair_factor	9430059D04Rik|Mum1	protein	NCBITaxon:10090	20190411	GO_Central		
MGI	MGI:1915308	Chd1l		GO:0006281	MGI:MGI:1354194|GO_REF:0000004	IEA	UniProtKB-KW:KW-0234	P	chromodomain_helicase_DNA_binding_protein_1-like	4432404A22Rik|Snf2p	protein	NCBITaxon:10090	20210627	UniProt		
MGI	MGI:1915308	Chd1l		GO:0006281	MGI:MGI:2152098|GO_REF:0000002	IEA	InterPro:IPR031053	P	chromodomain_helicase_DNA_binding_protein_1-like	4432404A22Rik|Snf2p	protein	NCBITaxon:10090	20210627	UniProt		
MGI	MGI:1915217	Pold3		GO:0006281	MGI:MGI:1354194|GO_REF:0000004	IEA	UniProtKB-KW:KW-0228|UniProtKB-KW:KW-0234	P	polymerase_(DNA-directed),_delta_3,_accessory_subunit	2410142G14Rik|C85233|GC12|P66|P68	protein	NCBITaxon:10090	20210627	UniProt		
MGI	MGI:1915061	Poldip2		GO:0006281	MGI:MGI:1354194|GO_REF:0000004	IEA	UniProtKB-KW:KW-0234	P	polymerase_(DNA-directed),_delta_interacting_protein_2	1300003F06Rik|mitogenin_1	protein	NCBITaxon:10090	20210627	UniProt		
MGI	MGI:1097163	Pold2		GO:0006281	MGI:MGI:1354194|GO_REF:0000004	IEA	UniProtKB-KW:KW-0228|UniProtKB-KW:KW-0234	P	polymerase_(DNA_directed),_delta_2,_regulatory_subunit	50kDa|p50|po1D2	protein	NCBITaxon:10090	20210627	UniProt		
MGI	MGI:1920018	Topbp1		GO:0006281	MGI:MGI:1354194|GO_REF:0000004	IEA	UniProtKB-KW:KW-0234	P	topoisomerase_(DNA)_II_binding_protein_1	1110031N14Rik|2810429C13Rik|D430026L04Rik	protein	NCBITaxon:10090	20210627	UniProt		
MGI	MGI:1918976	Smug1		GO:0006281	MGI:MGI:2661291|PMID:12718543	ISA	UniProtKB:Q95862	P	single-strand_selective_monofunctional_uracil_DNA_glycosylase	1200013B09Rik|A930006H09Rik	protein	NCBITaxon:10090	20030627	MGI		
MGI	MGI:1918976	Smug1		GO:0006281	MGI:MGI:4417868|GO_REF:0000096	ISO	RGD:631403	P	single-strand_selective_monofunctional_uracil_DNA_glycosylase	1200013B09Rik|A930006H09Rik	protein	NCBITaxon:10090	20050217	MGI		
MGI	MGI:1333875	Babam2		GO:0006281	MGI:MGI:1354194|GO_REF:0000004	IEA	UniProtKB-KW:KW-0234	P	BRISC_and_BRCA1_A_complex_member_2	6030405P19Rik|B830038C02Rik|Bre	protein	NCBITaxon:10090	20210627	UniProt		
MGI	MGI:1934835	Ube2n		GO:0006281	MGI:MGI:1354194|GO_REF:0000004	IEA	UniProtKB-KW:KW-0234	P	ubiquitin-conjugating_enzyme_E2N	UBC13	protein	NCBITaxon:10090	20210627	UniProt		
MGI	MGI:1333850	Mbd4		GO:0006281	MGI:MGI:2152098|GO_REF:0000002	IEA	InterPro:IPR011257|InterPro:IPR017352	P	methyl-CpG_binding_domain_protein_4	Med1	protein	NCBITaxon:10090	20210627	UniProt		
MGI	MGI:1333850	Mbd4		GO:0006281	MGI:MGI:1354194|GO_REF:0000004	IEA	UniProtKB-KW:KW-0234	P	methyl-CpG_binding_domain_protein_4	Med1	protein	NCBITaxon:10090	20210627	UniProt		
MGI	MGI:1934811	Nucks1		GO:0006281	MGI:MGI:1354194|GO_REF:0000004	IEA	UniProtKB-KW:KW-0234	P	nuclear_casein_kinase_and_cyclin-dependent_kinase_substrate_1	2700010L10Rik|8430423A01Rik|Nucks	protein	NCBITaxon:10090	20210627	UniProt		
MGI	MGI:1333807	Rad17		GO:0006281	PMID:21873635	IBA	PANTHER:PTN000255944|SGD:S000000975	P	RAD17_checkpoint_clamp_loader_component	9430035O09Rik|MmRad24	protein	NCBITaxon:10090	20170228	GO_Central		
MGI	MGI:1914280	Fancl		GO:0006281	MGI:MGI:4834177|GO_REF:0000096	ISO	UniProtKB:Q9NW38	P	Fanconi_anemia,_complementation_group_L	2010322C19Rik|B230118H11Rik|gcd|Phf9|Pog	protein	NCBITaxon:10090	20120229	MGI		
MGI	MGI:1914280	Fancl		GO:0006281	PMID:21873635	IBA	PANTHER:PTN000324788|UniProtKB:Q9NW38|FB:FBgn0037781	P	Fanconi_anemia,_complementation_group_L	2010322C19Rik|B230118H11Rik|gcd|Phf9|Pog	protein	NCBITaxon:10090	20200128	GO_Central		
MGI	MGI:1333799	Xrcc4		GO:0006281	MGI:MGI:1354194|GO_REF:0000004	IEA	UniProtKB-KW:KW-0234	P	X-ray_repair_complementing_defective_repair_in_Chinese_hamster_cells_4	2310057B22Rik	protein	NCBITaxon:10090	20210627	UniProt		
MGI	MGI:1313275	Nthl1		GO:0006281	MGI:MGI:2389521|PMID:12200441	TAS		P	nth_(endonuclease_III)-like_1_(E.coli)	Nth1	protein	NCBITaxon:10090	20030430	MGI		
MGI	MGI:2384584	Rfwd3		GO:0006281	MGI:MGI:1354194|GO_REF:0000004	IEA	UniProtKB-KW:KW-0234	P	ring_finger_and_WD_repeat_domain_3		protein	NCBITaxon:10090	20210627	UniProt		
MGI	MGI:1343961	Msh6		GO:0006281	MGI:MGI:4834177|GO_REF:0000096	ISO	UniProtKB:P52701	P	mutS_homolog_6	GTBP|Gtmbp	protein	NCBITaxon:10090	20080917	MGI		
MGI	MGI:1924908	Ap5z1		GO:0006281	MGI:MGI:1354194|GO_REF:0000004	IEA	UniProtKB-KW:KW-0234	P	adaptor-related_protein_complex_5,_zeta_1_subunit	C330006K01Rik	protein	NCBITaxon:10090	20210627	UniProt		
MGI	MGI:2384933	Wrap53		GO:0006281	MGI:MGI:1354194|GO_REF:0000004	IEA	UniProtKB-KW:KW-0234	P	WD_repeat_containing,_antisense_to_Trp53	Wdr79	protein	NCBITaxon:10090	20210627	UniProt		
MGI	MGI:1924872	Apex2		GO:0006281	MGI:MGI:2152098|GO_REF:0000002	IEA	InterPro:IPR004808|InterPro:IPR020847	P	apurinic/apyrimidinic_endonuclease_2	Ape2|C430040P13Rik	protein	NCBITaxon:10090	20210627	UniProt		
MGI	MGI:1924872	Apex2		GO:0006281	MGI:MGI:1354194|GO_REF:0000004	IEA	UniProtKB-KW:KW-0234	P	apurinic/apyrimidinic_endonuclease_2	Ape2|C430040P13Rik	protein	NCBITaxon:10090	20210627	UniProt		
MGI	MGI:1278321	Epc2		GO:0006281	MGI:MGI:1354194|GO_REF:0000004	IEA	UniProtKB-KW:KW-0234	P	enhancer_of_polycomb_homolog_2	D2Ertd694e	protein	NCBITaxon:10090	20210627	UniProt		
MGI	MGI:2384878	Cep164		GO:0006281	MGI:MGI:1354194|GO_REF:0000004	IEA	UniProtKB-KW:KW-0234	P	centrosomal_protein_164		protein	NCBITaxon:10090	20210627	UniProt		
MGI	MGI:1924767	Zfyve26		GO:0006281	MGI:MGI:1354194|GO_REF:0000004	IEA	UniProtKB-KW:KW-0234	P	zinc_finger,_FYVE_domain_containing_26	9330197E15Rik|A630028O16Rik|LOC380767	protein	NCBITaxon:10090	20210627	UniProt		
MGI	MGI:1924748	Actr5		GO:0006281	MGI:MGI:1354194|GO_REF:0000004	IEA	UniProtKB-KW:KW-0234	P	ARP5_actin-related_protein_5	B430109J19Rik	protein	NCBITaxon:10090	20210627	UniProt		
MGI	MGI:1914491	Smc6		GO:0006281	MGI:MGI:1354194|GO_REF:0000004	IEA	UniProtKB-KW:KW-0234	P	structural_maintenance_of_chromosomes_6	2810489L22Rik|3830418C19Rik|Smc6l1	protein	NCBITaxon:10090	20210627	UniProt		
MGI	MGI:1914490	Taok1		GO:0006281	MGI:MGI:1354194|GO_REF:0000004	IEA	UniProtKB-KW:KW-0234	P	TAO_kinase_1	2810468K05Rik|D130018F14Rik	protein	NCBITaxon:10090	20210627	UniProt		
MGI	MGI:1914487	Cul4a		GO:0006281	MGI:MGI:1354194|GO_REF:0000004	IEA	UniProtKB-KW:KW-0234	P	cullin_4A	2810470J21Rik	protein	NCBITaxon:10090	20210627	UniProt		
MGI	MGI:1914486	Cinp		GO:0006281	MGI:MGI:1354194|GO_REF:0000004	IEA	UniProtKB-KW:KW-0234	P	cyclin-dependent_kinase_2_interacting_protein	1810047K05Rik|2810452K22Rik	protein	NCBITaxon:10090	20210627	UniProt		
MGI	MGI:1914446	Ube2t		GO:0006281	MGI:MGI:4834177|GO_REF:0000096	ISO	UniProtKB:Q9NPD8	P	ubiquitin-conjugating_enzyme_E2T	2700084L22Rik	protein	NCBITaxon:10090	20120229	MGI		
MGI	MGI:2384790	Fanci		GO:0006281	MGI:MGI:1354194|GO_REF:0000004	IEA	UniProtKB-KW:KW-0234	P	Fanconi_anemia,_complementation_group_I		protein	NCBITaxon:10090	20210627	UniProt		
MGI	MGI:2384790	Fanci		GO:0006281	MGI:MGI:2152098|GO_REF:0000002	IEA	InterPro:IPR026171	P	Fanconi_anemia,_complementation_group_I		protein	NCBITaxon:10090	20210627	UniProt		
MGI	MGI:1914961	Nsmce1		GO:0006281	MGI:MGI:1354194|GO_REF:0000004	IEA	UniProtKB-KW:KW-0234	P	NSE1_homolog,_SMC5-SMC6_complex_component	2510027N19Rik	protein	NCBITaxon:10090	20210627	UniProt		
MGI	MGI:1914961	Nsmce1		GO:0006281	MGI:MGI:2152098|GO_REF:0000002	IEA	InterPro:IPR011513	P	NSE1_homolog,_SMC5-SMC6_complex_component	2510027N19Rik	protein	NCBITaxon:10090	20210627	UniProt		
MGI	MGI:1931028	Recql4		GO:0006281	PMID:21873635	IBA	PANTHER:PTN000344873|UniProtKB:P15043|TAIR:locus:2180255|FB:FBgn0027375|UniProtKB:P54132|SGD:S000004802|MGI:MGI:1328362|UniProtKB:Q14191|WB:WBGene00001865|PomBase:SPAC2G11.12|MGI:MGI:2156841|FB:FBgn0002906|TAIR:locus:2197394|UniProtKB:O94762|FB:FBgn0040290	P	RecQ_protein-like_4		protein	NCBITaxon:10090	20201205	GO_Central		
MGI	MGI:95480	Fancc		GO:0006281	MGI:MGI:1354194|GO_REF:0000004	IEA	UniProtKB-KW:KW-0234	P	Fanconi_anemia,_complementation_group_C	Facc	protein	NCBITaxon:10090	20210627	UniProt		
MGI	MGI:2685383	Rmi2		GO:0006281	PMID:21873635	IBA	PANTHER:PTN002143523|TAIR:locus:2201846	P	RecQ_mediated_genome_instability_2	A630055G03Rik|LOC381034	protein	NCBITaxon:10090	20180223	GO_Central		
MGI	MGI:2685351	Sprtn		GO:0006281	MGI:MGI:1354194|GO_REF:0000004	IEA	UniProtKB-KW:KW-0234	P	SprT-like_N-terminal_domain	Gm505|LOC244666	protein	NCBITaxon:10090	20210627	UniProt		
MGI	MGI:2685351	Sprtn		GO:0006281	MGI:MGI:2152098|GO_REF:0000002	IEA	InterPro:IPR006642	P	SprT-like_N-terminal_domain	Gm505|LOC244666	protein	NCBITaxon:10090	20210627	UniProt		
MGI	MGI:1925237	Ascc3		GO:0006281	MGI:MGI:1354194|GO_REF:0000004	IEA	UniProtKB-KW:KW-0234	P	activating_signal_cointegrator_1_complex_subunit_3	ASC1p200|B630009I04Rik|Helic1	protein	NCBITaxon:10090	20210627	UniProt		
MGI	MGI:1321393	Timeless		GO:0006281	PMID:21873635	IBA	PANTHER:PTN000533813|SGD:S000005217	P	timeless_circadian_clock_1	tim	protein	NCBITaxon:10090	20170602	GO_Central		
MGI	MGI:1917488	Rnf168		GO:0006281	MGI:MGI:1354194|GO_REF:0000004	IEA	UniProtKB-KW:KW-0234	P	ring_finger_protein_168	3110001H15Rik	protein	NCBITaxon:10090	20210627	UniProt		
MGI	MGI:3041177	Taok3		GO:0006281	MGI:MGI:1354194|GO_REF:0000004	IEA	UniProtKB-KW:KW-0234	P	TAO_kinase_3	2900006A08Rik|A430105I05Rik	protein	NCBITaxon:10090	20210627	UniProt		
MGI	MGI:3027003	Ino80d		GO:0006281	MGI:MGI:1354194|GO_REF:0000004	IEA	UniProtKB-KW:KW-0234	P	INO80_complex_subunit_D	A430093A21Rik	protein	NCBITaxon:10090	20210627	UniProt		
MGI	MGI:1916973	Rpain		GO:0006281	MGI:MGI:2154458|GO_REF:0000008	ISO	UniProtKB:Q86UA6	P	RPA_interacting_protein	2400006N03Rik	protein	NCBITaxon:10090	20070713	MGI		
MGI	MGI:1342299	Ruvbl2		GO:0006281	MGI:MGI:1354194|GO_REF:0000004	IEA	UniProtKB-KW:KW-0234	P	RuvB-like_protein_2	mp47|p47	protein	NCBITaxon:10090	20210627	UniProt		
MGI	MGI:2158340	Hdac10		GO:0006281	MGI:MGI:1354194|GO_REF:0000004	IEA	UniProtKB-KW:KW-0234	P	histone_deacetylase_10		protein	NCBITaxon:10090	20210627	UniProt		
MGI	MGI:1916846	Ap5s1		GO:0006281	MGI:MGI:1354194|GO_REF:0000004	IEA	UniProtKB-KW:KW-0234	P	adaptor-related_protein_5_complex,_sigma_1_subunit	0610038L13Rik|2310035K24Rik	protein	NCBITaxon:10090	20210627	UniProt		
MGI	MGI:1919889	Eme2		GO:0006281	MGI:MGI:2152098|GO_REF:0000002	IEA	InterPro:IPR033310	P	essential_meiotic_structure-specific_endonuclease_subunit_2	2810013J18Rik	protein	NCBITaxon:10090	20210627	UniProt		
MGI	MGI:1919889	Eme2		GO:0006281	MGI:MGI:1354194|GO_REF:0000004	IEA	UniProtKB-KW:KW-0234	P	essential_meiotic_structure-specific_endonuclease_subunit_2	2810013J18Rik	protein	NCBITaxon:10090	20210627	UniProt		
MGI	MGI:1919862	Hpf1		GO:0006281	MGI:MGI:1354194|GO_REF:0000004	IEA	UniProtKB-KW:KW-0234	P	histone_PARylation_factor_1	2700029M09Rik	protein	NCBITaxon:10090	20210627	UniProt		
MGI	MGI:1919834	Cul4b		GO:0006281	MGI:MGI:1354194|GO_REF:0000004	IEA	UniProtKB-KW:KW-0234	P	cullin_4B	2700050M05Rik	protein	NCBITaxon:10090	20210627	UniProt		
MGI	MGI:2442831	Paxx		GO:0006281	MGI:MGI:1354194|GO_REF:0000004	IEA	UniProtKB-KW:KW-0234	P	non-homologous_end_joining_factor	BC029214|D930050G13Rik|paralog_of_XRCC4_and_XLF	protein	NCBITaxon:10090	20210627	UniProt		
MGI	MGI:1355321	Chek2		GO:0006281	MGI:MGI:1354194|GO_REF:0000004	IEA	UniProtKB-KW:KW-0234	P	checkpoint_kinase_2	CHK2|Rad53	protein	NCBITaxon:10090	20210627	UniProt		
MGI	MGI:1919742	Smg1		GO:0006281	MGI:MGI:1354194|GO_REF:0000004	IEA	UniProtKB-KW:KW-0234	P	SMG1_nonsense_mediated_mRNA_decay_associated_PI3K_related_kinase	2610207I05Rik|5430435M13Rik|C130002K18Rik|SMG1_homolog,_phosphatidylinositol_3-kinase-related_kinase_(C._elegans)	protein	NCBITaxon:10090	20210627	UniProt		
MGI	MGI:1860775	Actr8		GO:0006281	MGI:MGI:1354194|GO_REF:0000004	IEA	UniProtKB-KW:KW-0234	P	ARP8_actin-related_protein_8	5730542K05Rik|ARP8	protein	NCBITaxon:10090	20210627	UniProt		
MGI	MGI:2154441	Nop53		GO:0006281	MGI:MGI:4834177|GO_REF:0000096	ISO	UniProtKB:Q9NZM5	P	NOP53_ribosome_biogenesis_factor	9430097C02Rik|Gltscr2	protein	NCBITaxon:10090	20170510	MGI		
MGI	MGI:101938	Mlh1		GO:0006281	MGI:MGI:3513725|PMID:15480418	IMP	MGI:MGI:1858054	P	mutL_homolog_1	1110035C23Rik|colon_cancer,_nonpolyposis_type_2	protein	NCBITaxon:10090	20050324	MGI		
MGI	MGI:101938	Mlh1		GO:0006281	MGI:MGI:2677087|PMID:13679151	IMP	MGI:MGI:1930998	P	mutL_homolog_1	1110035C23Rik|colon_cancer,_nonpolyposis_type_2	protein	NCBITaxon:10090	20070427	MGI		
MGI	MGI:1926471	Fancg		GO:0006281	MGI:MGI:1354194|GO_REF:0000004	IEA	UniProtKB-KW:KW-0234	P	Fanconi_anemia,_complementation_group_G	Xrcc9	protein	NCBITaxon:10090	20210627	UniProt		
MGI	MGI:101850	Usp45		GO:0006281	MGI:MGI:5617066|PMID:25538220	ISO	UniProtKB:Q70EL2	P	ubiquitin_specific_petidase_45	3110003C05Rik|4930550B20Rik|Gcap7	protein	NCBITaxon:10090	20160323	MGI		
MGI	MGI:101816	Msh2		GO:0006281	MGI:MGI:4834177|GO_REF:0000096	ISO	UniProtKB:P43246	P	mutS_homolog_2		protein	NCBITaxon:10090	20080917	MGI		
MGI	MGI:101816	Msh2		GO:0006281	MGI:MGI:2667543|PMID:12687013	IMP		P	mutS_homolog_2		protein	NCBITaxon:10090	20031224	MGI		
MGI	MGI:2683584	Ttc5		GO:0006281	MGI:MGI:1354194|GO_REF:0000004	IEA	UniProtKB-KW:KW-0234	P	tetratricopeptide_repeat_domain_5		protein	NCBITaxon:10090	20210627	UniProt		
MGI	MGI:2442326	Zbtb1		GO:0006281	MGI:MGI:4834177|GO_REF:0000096	ISO	UniProtKB:Q9Y2K1	P	zinc_finger_and_BTB_domain_containing_1	C430003J21Rik	protein	NCBITaxon:10090	20151016	MGI		
MGI	MGI:1926153	Wrnip1		GO:0006281	MGI:MGI:2152098|GO_REF:0000002	IEA	InterPro:IPR006642	P	Werner_helicase_interacting_protein_1	4833444L21Rik|WHIP	protein	NCBITaxon:10090	20210627	UniProt		
MGI	MGI:1926153	Wrnip1		GO:0006281	MGI:MGI:1354194|GO_REF:0000004	IEA	UniProtKB-KW:KW-0234	P	Werner_helicase_interacting_protein_1	4833444L21Rik|WHIP	protein	NCBITaxon:10090	20210627	UniProt		
MGI	MGI:1345669	Gtf2h2		GO:0006281	MGI:MGI:2152098|GO_REF:0000002	IEA	InterPro:IPR004595	P	general_transcription_factor_II_H,_polypeptide_2	44kDa|basal_transcription_factor_2,_p44_subunit|Btf2p44|p44	protein	NCBITaxon:10090	20210627	UniProt		
MGI	MGI:1345669	Gtf2h2		GO:0006281	MGI:MGI:1354194|GO_REF:0000004	IEA	UniProtKB-KW:KW-0234	P	general_transcription_factor_II_H,_polypeptide_2	44kDa|basal_transcription_factor_2,_p44_subunit|Btf2p44|p44	protein	NCBITaxon:10090	20210627	UniProt		
MGI	MGI:3588217	Usp51		GO:0006281	MGI:MGI:1354194|GO_REF:0000004	IEA	UniProtKB-KW:KW-0234	P	ubiquitin_specific_protease_51		protein	NCBITaxon:10090	20210627	UniProt		
MGI	MGI:2448480	Fancd2		GO:0006281	MGI:MGI:1354194|GO_REF:0000004	IEA	UniProtKB-KW:KW-0234	P	Fanconi_anemia,_complementation_group_D2	2410150O07Rik	protein	NCBITaxon:10090	20210627	UniProt		
MGI	MGI:2448480	Fancd2		GO:0006281	MGI:MGI:2152098|GO_REF:0000002	IEA	InterPro:IPR029448	P	Fanconi_anemia,_complementation_group_D2	2410150O07Rik	protein	NCBITaxon:10090	20210627	UniProt		
MGI	MGI:108028	Atr		GO:0006281	MGI:MGI:3053255|PMID:15364958	IDA		P	ataxia_telangiectasia_and_Rad3_related		protein	NCBITaxon:10090	20050603	MGI		
MGI	MGI:108016	Rad21		GO:0006281	MGI:MGI:1354194|GO_REF:0000004	IEA	UniProtKB-KW:KW-0234	P	RAD21_cohesin_complex_component	SCC1	protein	NCBITaxon:10090	20210627	UniProt		
MGI	MGI:2385088	Smc5		GO:0006281	MGI:MGI:1354194|GO_REF:0000004	IEA	UniProtKB-KW:KW-0234	P	structural_maintenance_of_chromosomes_5	Smc5l1	protein	NCBITaxon:10090	20210627	UniProt		
MGI	MGI:2385088	Smc5		GO:0006281	MGI:MGI:2152098|GO_REF:0000002	IEA	InterPro:IPR027131	P	structural_maintenance_of_chromosomes_5	Smc5l1	protein	NCBITaxon:10090	20210627	UniProt		
MGI	MGI:2135637	Park7		GO:0006281	MGI:MGI:4834177|GO_REF:0000096	ISO	UniProtKB:Q99497	P	Parkinson_disease_(autosomal_recessive,_early_onset)_7	DJ-1	protein	NCBITaxon:10090	20170809	MGI		
MGI	MGI:1891698	Pnkp		GO:0006281	MGI:MGI:4834177|GO_REF:0000096	ISO	UniProtKB:Q96T60	P	polynucleotide_kinase_3'-_phosphatase	1810009G08Rik|PNK	protein	NCBITaxon:10090	20170309	MGI		
MGI	MGI:1891698	Pnkp		GO:0006281	PMID:21873635	IBA	PANTHER:PTN000249876|UniProtKB:Q96T60|TAIR:locus:2086355|PomBase:SPAC23C11.04c|SGD:S000004765	P	polynucleotide_kinase_3'-_phosphatase	1810009G08Rik|PNK	protein	NCBITaxon:10090	20170228	GO_Central		
MGI	MGI:1329021	Msh5		GO:0006281	MGI:MGI:1354194|GO_REF:0000004	IEA	UniProtKB-KW:KW-0234	P	mutS_homolog_5	G7|Mut5	protein	NCBITaxon:10090	20210627	UniProt		
MGI	MGI:1913096	Jmy		GO:0006281	MGI:MGI:1354194|GO_REF:0000004	IEA	UniProtKB-KW:KW-0234	P	junction-mediating_and_regulatory_protein		protein	NCBITaxon:10090	20210627	UniProt		
MGI	MGI:1349427	Exo1		GO:0006281	MGI:MGI:1354194|GO_REF:0000004	IEA	UniProtKB-KW:KW-0228|UniProtKB-KW:KW-0234	P	exonuclease_1	5730442G03Rik|Msa	protein	NCBITaxon:10090	20210627	UniProt		
MGI	MGI:1349427	Exo1		GO:0006281	MGI:MGI:2152098|GO_REF:0000002	IEA	InterPro:IPR032641	P	exonuclease_1	5730442G03Rik|Msa	protein	NCBITaxon:10090	20210627	UniProt		
MGI	MGI:97891	Rfc1		GO:0006281	MGI:MGI:2152098|GO_REF:0000002	IEA	InterPro:IPR012178	P	replication_factor_C_(activator_1)_1	140kDa|Alp145|Recc1|RFC140	protein	NCBITaxon:10090	20210627	UniProt		
MGI	MGI:97890	Rad51		GO:0006281	MGI:MGI:4442153|PMID:10422536	TAS		P	RAD51_recombinase	Rad51a|Reca	protein	NCBITaxon:10090	20100120	BHF-UCL		
MGI	MGI:97890	Rad51		GO:0006281	MGI:MGI:3687414|PMID:8816780	TAS		P	RAD51_recombinase	Rad51a|Reca	protein	NCBITaxon:10090	20040706	UniProt		
MGI	MGI:1919353	Aplf		GO:0006281	MGI:MGI:1354194|GO_REF:0000004	IEA	UniProtKB-KW:KW-0234	P	aprataxin_and_PNKP_like_factor	2010301N04Rik	protein	NCBITaxon:10090	20210627	UniProt		
MGI	MGI:1922820	Nhej1		GO:0006281	MGI:MGI:1354194|GO_REF:0000004	IEA	UniProtKB-KW:KW-0234	P	non-homologous_end_joining_factor_1	1700029B21Rik|cernunnos|XLF	protein	NCBITaxon:10090	20210627	UniProt		
MGI	MGI:1914049	Ube2w		GO:0006281	MGI:MGI:1354194|GO_REF:0000004	IEA	UniProtKB-KW:KW-0234	P	ubiquitin-conjugating_enzyme_E2W_(putative)	6130401J04Rik	protein	NCBITaxon:10090	20210627	UniProt		
MGI	MGI:2152450	Usp3		GO:0006281	MGI:MGI:4834177|GO_REF:0000096	ISO	UniProtKB:Q9Y6I4	P	ubiquitin_specific_peptidase_3		protein	NCBITaxon:10090	20100610	MGI		
MGI	MGI:1338799	Gtf2h4		GO:0006281	MGI:MGI:1354194|GO_REF:0000004	IEA	UniProtKB-KW:KW-0234	P	general_transcription_factor_II_H,_polypeptide_4	p52	protein	NCBITaxon:10090	20210627	UniProt		
MGI	MGI:1919241	Ercc8		GO:0006281	MGI:MGI:1354194|GO_REF:0000004	IEA	UniProtKB-KW:KW-0234	P	excision_repaiross-complementing_rodent_repair_deficiency,_complementation_group_8	2410022P04Rik|2810431L23Rik|4631412O06Rik|B130065P18Rik|Ckn1|Csa	protein	NCBITaxon:10090	20210627	UniProt		
MGI	MGI:2142208	Faap24		GO:0006281	MGI:MGI:1354194|GO_REF:0000004	IEA	UniProtKB-KW:KW-0234	P	Fanconi_anemia_core_complex_associated_protein_24	C230052I12Rik	protein	NCBITaxon:10090	20210627	UniProt		
MGI	MGI:2389572	Brcc3		GO:0006281	MGI:MGI:1354194|GO_REF:0000004	IEA	UniProtKB-KW:KW-0234	P	BRCA1/BRCA2-containing_complex,_subunit_3	C6.1A	protein	NCBITaxon:10090	20210627	UniProt		
MGI	MGI:2389572	Brcc3		GO:0006281	MGI:MGI:2152098|GO_REF:0000002	IEA	InterPro:IPR033860	P	BRCA1/BRCA2-containing_complex,_subunit_3	C6.1A	protein	NCBITaxon:10090	20210627	UniProt		
MGI	MGI:1925349	Atrip		GO:0006281	PMID:21873635	IBA	PANTHER:PTN002408403|FB:FBgn0002901	P	ATR_interacting_protein	6620401K05Rik	protein	NCBITaxon:10090	20190222	GO_Central		
MGI	MGI:1098622	Rif1		GO:0006281	MGI:MGI:1354194|GO_REF:0000004	IEA	UniProtKB-KW:KW-0234	P	replication_timing_regulatory_factor_1	5730435J01Rik|6530403D07Rik|D2Ertd145e	protein	NCBITaxon:10090	20210627	UniProt		
MGI	MGI:1277216	Gtf2h1		GO:0006281	PMID:21873635	IBA	PANTHER:PTN000304482|SGD:S000002719	P	general_transcription_factor_II_H,_polypeptide_1	62kDa|p62	protein	NCBITaxon:10090	20170228	GO_Central		
MGI	MGI:1913459	Inip		GO:0006281	MGI:MGI:4834177|GO_REF:0000096	ISO	UniProtKB:Q9NRY2	P	INTS3_and_NABP_interacting_protein	1110054O05Rik|2610312O17Rik	protein	NCBITaxon:10090	20090820	MGI		
MGI	MGI:1913459	Inip		GO:0006281	PMID:21873635	IBA	PANTHER:PTN001267643|UniProtKB:Q9NRY2	P	INTS3_and_NABP_interacting_protein	1110054O05Rik|2610312O17Rik	protein	NCBITaxon:10090	20170228	GO_Central		
MGI	MGI:1913415	Bccip		GO:0006281	MGI:MGI:1354194|GO_REF:0000004	IEA	UniProtKB-KW:KW-0234	P	BRCA2_and_CDKN1A_interacting_protein	1110013J05Rik|TOK-1	protein	NCBITaxon:10090	20210627	UniProt		
MGI	MGI:1277143	Gtf2h3		GO:0006281	MGI:MGI:1354194|GO_REF:0000004	IEA	UniProtKB-KW:KW-0234	P	general_transcription_factor_IIH,_polypeptide_3	34kDa|5033417D07Rik|BTF2|D5Ertd679e	protein	NCBITaxon:10090	20210627	UniProt		
MGI	MGI:1920997	Shld1		GO:0006281	MGI:MGI:1354194|GO_REF:0000004	IEA	UniProtKB-KW:KW-0234	P	shieldin_complex_subunit_1	1110034G24Rik	protein	NCBITaxon:10090	20210627	UniProt		
MGI	MGI:1913355	Ube2d3		GO:0006281	MGI:MGI:1354194|GO_REF:0000004	IEA	UniProtKB-KW:KW-0234	P	ubiquitin-conjugating_enzyme_E2D_3	1100001F19Rik|9430029A22Rik	protein	NCBITaxon:10090	20210627	UniProt		
MGI	MGI:1891829	Rbx1		GO:0006281	MGI:MGI:1354194|GO_REF:0000004	IEA	UniProtKB-KW:KW-0234	P	ring-box_1	1500002P15Rik|ROC1	protein	NCBITaxon:10090	20210627	UniProt		
MGI	MGI:1099436	Rad51b		GO:0006281	MGI:MGI:1354194|GO_REF:0000004	IEA	UniProtKB-KW:KW-0234	P	RAD51_paralog_B	mREC2|R51H2|Rad51l1	protein	NCBITaxon:10090	20210627	UniProt		
MGI	MGI:1099436	Rad51b		GO:0006281	MGI:MGI:2152098|GO_REF:0000002	IEA	InterPro:IPR030548|InterPro:IPR020588	P	RAD51_paralog_B	mREC2|R51H2|Rad51l1	protein	NCBITaxon:10090	20210627	UniProt		
MGI	MGI:1926884	Huwe1		GO:0006281	MGI:MGI:1354194|GO_REF:0000004	IEA	UniProtKB-KW:KW-0234	P	HECT,_UBA_and_WWE_domain_containing_1	5430439H10Rik|Arf-bp1|C430014N20Rik|Ib772|LOC382250|Mule|Ureb1	protein	NCBITaxon:10090	20210627	UniProt		
MGI	MGI:1100512	Mre11a		GO:0006281	MGI:MGI:1354194|GO_REF:0000004	IEA	UniProtKB-KW:KW-0234	P	MRE11A_homolog_A,_double_strand_break_repair_nuclease		protein	NCBITaxon:10090	20210627	UniProt		
MGI	MGI:1916513	Rfc3		GO:0006281	PMID:21873635	IBA	PANTHER:PTN000186209|PomBase:SPAC27E2.10c|PomBase:SPAC1687.03c|PomBase:SPAC23D3.02|PomBase:SPBC83.14c	P	replication_factor_C_(activator_1)_3	2810416I22Rik|38kDa|Recc3	protein	NCBITaxon:10090	20170228	GO_Central		
MGI	MGI:1926790	Fzr1		GO:0006281	MGI:MGI:1354194|GO_REF:0000004	IEA	UniProtKB-KW:KW-0234	P	fizzy_and_cell_division_cycle_20_related_1	Cdh1|Fyr	protein	NCBITaxon:10090	20210627	UniProt		
MGI	MGI:2141032	Alkbh2		GO:0006281	MGI:MGI:2152098|GO_REF:0000002	IEA	InterPro:IPR032852	P	alkB_homolog_2,_alpha-ketoglutarate-dependent_dioxygenase	Abh2|mABH2	protein	NCBITaxon:10090	20210627	UniProt		
MGI	MGI:2141032	Alkbh2		GO:0006281	MGI:MGI:1354194|GO_REF:0000004	IEA	UniProtKB-KW:KW-0234	P	alkB_homolog_2,_alpha-ketoglutarate-dependent_dioxygenase	Abh2|mABH2	protein	NCBITaxon:10090	20210627	UniProt		
MGI	MGI:1100494	Ercc6		GO:0006281	MGI:MGI:3759387|PMID:12447686	IGI	MGI:MGI:1097693	P	excision_repair_cross-complementing_rodent_repair_deficiency,_complementation_group_6	C130058G22Rik|CSB|CS_group_B_correcting_gene	protein	NCBITaxon:10090	20080207	MGI	EMAPA:16846|EMAPA:18767|EMAPA:17373	
MGI	MGI:1100494	Ercc6		GO:0006281	MGI:MGI:1861042|PMID:10806208	IMP	MGI:MGI:1932102	P	excision_repair_cross-complementing_rodent_repair_deficiency,_complementation_group_6	C130058G22Rik|CSB|CS_group_B_correcting_gene	protein	NCBITaxon:10090	20070315	MGI		
MGI	MGI:1100494	Ercc6		GO:0006281	MGI:MGI:3715683|PMID:17213818	IGI	MGI:MGI:1097693	P	excision_repair_cross-complementing_rodent_repair_deficiency,_complementation_group_6	C130058G22Rik|CSB|CS_group_B_correcting_gene	protein	NCBITaxon:10090	20080207	MGI	EMAPA:16846	
MGI	MGI:1100494	Ercc6		GO:0006281	MGI:MGI:4834177|GO_REF:0000096	ISO	UniProtKB:Q03468	P	excision_repair_cross-complementing_rodent_repair_deficiency,_complementation_group_6	C130058G22Rik|CSB|CS_group_B_correcting_gene	protein	NCBITaxon:10090	20161017	MGI		
MGI	MGI:1934816	Tex15		GO:0006281	MGI:MGI:1354194|GO_REF:0000004	IEA	UniProtKB-KW:KW-0234	P	testis_expressed_gene_15	2210014E14Rik	protein	NCBITaxon:10090	20210627	UniProt		
MGI	MGI:1916363	Alkbh3		GO:0006281	MGI:MGI:4834177|GO_REF:0000096	ISO	UniProtKB:Q96Q83	P	alkB_homolog_3,_alpha-ketoglutarate-dependent_dioxygenase	1700108H04Rik|1810020C19Rik|Abh3|mABH3	protein	NCBITaxon:10090	20100504	MGI		
MGI	MGI:1916340	Ascc1		GO:0006281	MGI:MGI:1354194|GO_REF:0000004	IEA	UniProtKB-KW:KW-0234	P	activating_signal_cointegrator_1_complex_subunit_1	1810015P09Rik|ASC1p50|CGI-18	protein	NCBITaxon:10090	20210627	UniProt		
MGI	MGI:1923501	Ercc6l2		GO:0006281	MGI:MGI:1354194|GO_REF:0000004	IEA	UniProtKB-KW:KW-0234	P	excision_repair_cross-complementing_rodent_repair_deficiency,_complementation_group_6_like_2	0610007P08Rik|1700019D06Rik|9330134C04Rik	protein	NCBITaxon:10090	20210627	UniProt		
MGI	MGI:1917581	Shprh		GO:0006281	MGI:MGI:1354194|GO_REF:0000004	IEA	UniProtKB-KW:KW-0234	P	SNF2_histone_linker_PHD_RING_helicase	2610103K11Rik|D230017O13Rik	protein	NCBITaxon:10090	20210627	UniProt		
MGI	MGI:1891731	Stub1		GO:0006281	MGI:MGI:1354194|GO_REF:0000004	IEA	UniProtKB-KW:KW-0234	P	STIP1_homology_and_U-Box_containing_protein_1	0610033N24Rik|2210017D18Rik|2310040B03Rik|CHIP	protein	NCBITaxon:10090	20210627	UniProt		
MGI	MGI:99919	Vcp		GO:0006281	MGI:MGI:1354194|GO_REF:0000004	IEA	UniProtKB-KW:KW-0234	P	valosin_containing_protein	AAA_ATPase_p97|CDC48|p97|p97/VCP	protein	NCBITaxon:10090	20210627	UniProt		
MGI	MGI:87888	Chrna4		GO:0006281	MGI:MGI:4834177|GO_REF:0000096	ISO	UniProtKB:P43681	P	cholinergic_receptor,_nicotinic,_alpha_polypeptide_4	a4_nicotinic_receptor|Acra4|Acra-4|alpha4_nAChR|alpha4-nAChR	protein	NCBITaxon:10090	20080613	MGI		
MGI	MGI:87859	Abl1		GO:0006281	MGI:MGI:1354194|GO_REF:0000004	IEA	UniProtKB-KW:KW-0234	P	c-abl_oncogene_1,_non-receptor_tyrosine_kinase	c-Abl|E430008G22Rik	protein	NCBITaxon:10090	20210627	UniProt		
MGI	MGI:3647286	Gm5136		GO:0006281	MGI:MGI:2152098|GO_REF:0000002	IEA	InterPro:IPR033860	P	predicted_gene_5136		protein	NCBITaxon:10090	20210627	UniProt		
MGI	MGI:1328368	Cdk9		GO:0006281	MGI:MGI:1354194|GO_REF:0000004	IEA	UniProtKB-KW:KW-0234	P	cyclin-dependent_kinase_9_(CDC2-related_kinase)	PITALRE	protein	NCBITaxon:10090	20210627	UniProt		
MGI	MGI:1328362	Blm		GO:0006281	MGI:MGI:3053255|PMID:15364958	IDA		P	Bloom_syndrome,_RecQ_like_helicase		protein	NCBITaxon:10090	20050603	MGI		
MGI	MGI:1328362	Blm		GO:0006281	PMID:21873635	IBA	PANTHER:PTN000344873|UniProtKB:P15043|TAIR:locus:2180255|FB:FBgn0027375|UniProtKB:P54132|SGD:S000004802|MGI:MGI:1328362|UniProtKB:Q14191|WB:WBGene00001865|PomBase:SPAC2G11.12|MGI:MGI:2156841|FB:FBgn0002906|TAIR:locus:2197394|UniProtKB:O94762|FB:FBgn0040290	P	Bloom_syndrome,_RecQ_like_helicase		protein	NCBITaxon:10090	20201205	GO_Central		
MGI	MGI:1328361	Bard1		GO:0006281	MGI:MGI:1354194|GO_REF:0000004	IEA	UniProtKB-KW:KW-0234	P	BRCA1_associated_RING_domain_1	ENSMUSG00000060893|ENSMUSG00000073653	protein	NCBITaxon:10090	20210627	UniProt		
MGI	MGI:1328356	Rad9a		GO:0006281	PMID:21873635	IBA	PANTHER:PTN000391242|SGD:S000006115	P	RAD9_checkpoint_clamp_component_A	Rad9	protein	NCBITaxon:10090	20170228	GO_Central		
MGI	MGI:104772	Cdk2		GO:0006281	MGI:MGI:1354194|GO_REF:0000004	IEA	UniProtKB-KW:KW-0234	P	cyclin-dependent_kinase_2	A630093N05Rik	protein	NCBITaxon:10090	20210627	UniProt		
MGI	MGI:1202065	Chek1		GO:0006281	MGI:MGI:4834177|GO_REF:0000096	ISO	UniProtKB:O14757	P	checkpoint_kinase_1	Chk1	protein	NCBITaxon:10090	20090903	MGI		
MGI	MGI:1202065	Chek1		GO:0006281	MGI:MGI:3053255|PMID:15364958	IDA		P	checkpoint_kinase_1	Chk1	protein	NCBITaxon:10090	20050603	MGI		
MGI	MGI:1922567	Parpbp		GO:0006281	MGI:MGI:1354194|GO_REF:0000004	IEA	UniProtKB-KW:KW-0234	P	PARP1_binding_protein	4930547N16Rik	protein	NCBITaxon:10090	20210627	UniProt		
MGI	MGI:1929211	Rnf138		GO:0006281	MGI:MGI:1354194|GO_REF:0000004	IEA	UniProtKB-KW:KW-0234	P	ring_finger_protein_138	2410015A17Rik|2810480D20Rik|Trif-d	protein	NCBITaxon:10090	20210627	UniProt		
MGI	MGI:1918961	Mus81		GO:0006281	MGI:MGI:2153971|PMID:11741546	ISO	EMBL:AF425646	P	MUS81_structure-specific_endonuclease_subunit	1200008A18Rik	protein	NCBITaxon:10090	20020502	MGI		
MGI	MGI:1918961	Mus81		GO:0006281	MGI:MGI:4834177|GO_REF:0000096	ISO	UniProtKB:Q96NY9	P	MUS81_structure-specific_endonuclease_subunit	1200008A18Rik	protein	NCBITaxon:10090	20090811	MGI		
MGI	MGI:1918952	Cdc5l		GO:0006281	MGI:MGI:1354194|GO_REF:0000004	IEA	UniProtKB-KW:KW-0234	P	cell_division_cycle_5-like_(S._pombe)	1200002I02Rik|PCDC5RP	protein	NCBITaxon:10090	20210627	UniProt		
MGI	MGI:6194609	Shld3		GO:0006281	MGI:MGI:1354194|GO_REF:0000004	IEA	UniProtKB-KW:KW-0234	P	shieldin_complex_subunit_3		protein	NCBITaxon:10090	20210627	UniProt		
MGI	MGI:1338889	Uhrf1		GO:0006281	MGI:MGI:1354194|GO_REF:0000004	IEA	UniProtKB-KW:KW-0234	P	ubiquitin-like,_containing_PHD_and_RING_finger_domains,_1	ICBP90|Np95	protein	NCBITaxon:10090	20210627	UniProt		
MGI	MGI:1918817	Mcm9		GO:0006281	MGI:MGI:1354194|GO_REF:0000004	IEA	UniProtKB-KW:KW-0234	P	minichromosome_maintenance_9_homologous_recombination_repair_factor	9030408O17Rik|Mcmdc1	protein	NCBITaxon:10090	20210627	UniProt		
MGI	MGI:894697	Rad54l		GO:0006281	MGI:MGI:1354194|GO_REF:0000004	IEA	UniProtKB-KW:KW-0234	P	RAD54_like_(S._cerevisiae)	RAD54	protein	NCBITaxon:10090	20210627	UniProt		
MGI	MGI:894687	Xrn2		GO:0006281	MGI:MGI:71199|PMID:7885830	NAS		P	5'-3'_exoribonuclease_2		protein	NCBITaxon:10090	20030812	UniProt		
MGI	MGI:894680	Bach1		GO:0006281	MGI:MGI:4834177|GO_REF:0000096	ISO	UniProtKB:O14867	P	BTB_and_CNC_homology_1,_basic_leucine_zipper_transcription_factor_1	6230421P05Rik	protein	NCBITaxon:10090	20111018	MGI		
MGI	MGI:894652	Usp10		GO:0006281	MGI:MGI:1354194|GO_REF:0000004	IEA	UniProtKB-KW:KW-0234	P	ubiquitin_specific_peptidase_10	2610014N07Rik|Uchrp	protein	NCBITaxon:10090	20210627	UniProt		
MGI	MGI:1918771	Pds5a		GO:0006281	PMID:21873635	IBA	PANTHER:PTN000292173|TAIR:locus:2169058|TAIR:locus:2200557|TAIR:locus:2116787|SGD:S000004681	P	PDS5_cohesin_associated_factor_A	9030416H16Rik|E230024D05Rik	protein	NCBITaxon:10090	20170228	GO_Central		
MGI	MGI:1918764	Sfpq		GO:0006281	MGI:MGI:1354194|GO_REF:0000004	IEA	UniProtKB-KW:KW-0234	P	splicing_factor_proline/glutamine_rich_(polypyrimidine_tract_binding_protein_associated)	1110004P21Rik|2810416M14Rik|5730453G22Rik|9030402K04Rik|D4Ertd314e|PSF|REP1	protein	NCBITaxon:10090	20210627	UniProt		
MGI	MGI:1929069	Rnf8		GO:0006281	MGI:MGI:1354194|GO_REF:0000004	IEA	UniProtKB-KW:KW-0234	P	ring_finger_protein_8	3830404E21Rik|AIP37	protein	NCBITaxon:10090	20210627	UniProt		
MGI	MGI:2140364	Adprs		GO:0006281	MGI:MGI:4834177|GO_REF:0000096	ISO	UniProtKB:Q9NX46	P	ADP-ribosylserine_hydrolase	Adprhl2|Arh3	protein	NCBITaxon:10090	20181126	MGI		
MGI	MGI:1351331	Chaf1a		GO:0006281	MGI:MGI:1354194|GO_REF:0000004	IEA	UniProtKB-KW:KW-0234	P	chromatin_assembly_factor_1,_subunit_A_(p150)	CAF-1|p150	protein	NCBITaxon:10090	20210627	UniProt		
MGI	MGI:1915751	Nsmce2		GO:0006281	MGI:MGI:1354194|GO_REF:0000004	IEA	UniProtKB-KW:KW-0234	P	NSE2/MMS21_homolog,_SMC5-SMC6_complex_SUMO_ligase	1110014D18Rik	protein	NCBITaxon:10090	20210627	UniProt		
MGI	MGI:1914689	Xab2		GO:0006281	MGI:MGI:1354194|GO_REF:0000004	IEA	UniProtKB-KW:KW-0234	P	XPA_binding_protein_2	0610041O14Rik	protein	NCBITaxon:10090	20210627	UniProt		
MGI	MGI:96244	Hspa1a		GO:0006281	MGI:MGI:3027215|PMID:14701760	IMP	MGI:MGI:3028843	P	heat_shock_protein_1A	Hsp68|Hsp70-3|Hsp70.3|Hsp70a1	protein	NCBITaxon:10090	20040514	MGI		
MGI	MGI:96238	Hsf1		GO:0006281	MGI:MGI:1354194|GO_REF:0000004	IEA	UniProtKB-KW:KW-0234	P	heat_shock_factor_1	heat_shock_transcription_factor_1	protein	NCBITaxon:10090	20210627	UniProt		
MGI	MGI:2139971	Prmt6		GO:0006281	MGI:MGI:1354194|GO_REF:0000004	IEA	UniProtKB-KW:KW-0234	P	protein_arginine_N-methyltransferase_6	Hrmt1l6	protein	NCBITaxon:10090	20210627	UniProt		
MGI	MGI:105126	Rad23a		GO:0006281	MGI:MGI:1354194|GO_REF:0000004	IEA	UniProtKB-KW:KW-0234	P	RAD23_homolog_A,_nucleotide_excision_repair_protein		protein	NCBITaxon:10090	20210627	UniProt		
MGI	MGI:105128	Rad23b		GO:0006281	MGI:MGI:1354194|GO_REF:0000004	IEA	UniProtKB-KW:KW-0234	P	RAD23_homolog_B,_nucleotide_excision_repair_protein	0610007D13Rik|mHR23B	protein	NCBITaxon:10090	20210627	UniProt		
MGI	MGI:2444557	Kmt5b		GO:0006281	MGI:MGI:4834177|GO_REF:0000096	ISO	UniProtKB:Q4FZB7	P	lysine_methyltransferase_5B	C630029K18Rik|Suv420h1|Suv4-20h1	protein	NCBITaxon:10090	20190917	MGI		
MGI	MGI:1351625	Nbn		GO:0006281	MGI:MGI:1354194|GO_REF:0000004	IEA	UniProtKB-KW:KW-0234	P	nibrin	Nbs1	protein	NCBITaxon:10090	20210627	UniProt		
MGI	MGI:1351625	Nbn		GO:0006281	MGI:MGI:2152098|GO_REF:0000002	IEA	InterPro:IPR016592	P	nibrin	Nbs1	protein	NCBITaxon:10090	20210627	UniProt		
MGI	MGI:3712326	Parp10		GO:0006281	MGI:MGI:1354194|GO_REF:0000004	IEA	UniProtKB-KW:KW-0234	P	poly_(ADP-ribose)_polymerase_family,_member_10		protein	NCBITaxon:10090	20210627	UniProt		
MGI	MGI:2385262	Kmt5c		GO:0006281	MGI:MGI:4834177|GO_REF:0000096	ISO	UniProtKB:Q86Y97	P	lysine_methyltransferase_5C	Suv420h2|Suv4-20h2	protein	NCBITaxon:10090	20190917	MGI		
MGI	MGI:2146571	Rfc4		GO:0006281	PMID:21873635	IBA	PANTHER:PTN000186209|PomBase:SPAC27E2.10c|PomBase:SPAC1687.03c|PomBase:SPAC23D3.02|PomBase:SPBC83.14c	P	replication_factor_C_(activator_1)_4	A1|RFC37	protein	NCBITaxon:10090	20170228	GO_Central		
MGI	MGI:2143886	Dot1l		GO:0006281	PMID:21873635	IBA	PANTHER:PTN000485246|SGD:S000002848	P	DOT1-like,_histone_H3_methyltransferase_(S._cerevisiae)	KMT4|mDot1	protein	NCBITaxon:10090	20200808	GO_Central		
MGI	MGI:107227	Gtf2h5		GO:0006281	MGI:MGI:1354194|GO_REF:0000004	IEA	UniProtKB-KW:KW-0234	P	general_transcription_factor_IIH,_polypeptide_5	2700017P07Rik|2810432H05Rik|D17Wsu155e	protein	NCBITaxon:10090	20210627	UniProt		
MGI	MGI:107202	Atm		GO:0006281	MGI:MGI:3053255|PMID:15364958	IDA		P	ataxia_telangiectasia_mutated	C030026E19Rik	protein	NCBITaxon:10090	20050603	MGI		
MGI	MGI:107202	Atm		GO:0006281	MGI:MGI:2156121|PMID:11679583	IMP	MGI:MGI:1857132	P	ataxia_telangiectasia_mutated	C030026E19Rik	protein	NCBITaxon:10090	20050216	MGI		
MGI	MGI:107202	Atm		GO:0006281	MGI:MGI:3511081|PMID:15542845	IMP	MGI:MGI:2155399	P	ataxia_telangiectasia_mutated	C030026E19Rik	protein	NCBITaxon:10090	20050216	MGI		
MGI	MGI:2385198	Usp1		GO:0006281	MGI:MGI:1354194|GO_REF:0000004	IEA	UniProtKB-KW:KW-0234	P	ubiquitin_specific_peptidase_1		protein	NCBITaxon:10090	20210627	UniProt		
MGI	MGI:1354743	Fbxo6		GO:0006281	MGI:MGI:1354194|GO_REF:0000004	IEA	UniProtKB-KW:KW-0234	P	F-box_protein_6	FBG2|Fbs2|Fbx6b|Fbxo6b	protein	NCBITaxon:10090	20210627	UniProt		
MGI	MGI:2443514	Wdhd1		GO:0006281	PMID:21873635	IBA	PANTHER:PTN000460568|SGD:S000006339	P	WD_repeat_and_HMG-box_DNA_binding_protein_1	AND-1|D630024B06Rik	protein	NCBITaxon:10090	20200808	GO_Central		
MGI	MGI:107912	Ssrp1		GO:0006281	MGI:MGI:1354194|GO_REF:0000004	IEA	UniProtKB-KW:KW-0234	P	structure_specific_recognition_protein_1	Hmg1-rs1|Hmgi-rs3|Hmgox|T160	protein	NCBITaxon:10090	20210627	UniProt		
MGI	MGI:1915525	Rpa1		GO:0006281	MGI:MGI:4834177|GO_REF:0000096	ISO	UniProtKB:P27694	P	replication_protein_A1	5031405K23Rik|70kDa|RF-A|Rpa|RP-A	protein	NCBITaxon:10090	20110924	MGI		
MGI	MGI:1915508	Fam111a		GO:0006281	MGI:MGI:1354194|GO_REF:0000004	IEA	UniProtKB-KW:KW-0234	P	family_with_sequence_similarity_111,_member_A	4632417K18Rik	protein	NCBITaxon:10090	20210627	UniProt		
MGI	MGI:1915501	Babam1		GO:0006281	MGI:MGI:1354194|GO_REF:0000004	IEA	UniProtKB-KW:KW-0234	P	BRISC_and_BRCA1_A_complex_member_1	5430437P03Rik	protein	NCBITaxon:10090	20210627	UniProt		
MGI	MGI:2385849	Sirt7		GO:0006281	MGI:MGI:1354194|GO_REF:0000004	IEA	UniProtKB-KW:KW-0234	P	sirtuin_7		protein	NCBITaxon:10090	20210627	UniProt		
MGI	MGI:2140050	Ints3		GO:0006281	MGI:MGI:4834177|GO_REF:0000096	ISO	UniProtKB:Q68E01	P	integrator_complex_subunit_3		protein	NCBITaxon:10090	20090820	MGI		
MGI	MGI:1915490	Rpa3		GO:0006281	MGI:MGI:2152098|GO_REF:0000002	IEA	InterPro:IPR013970	P	replication_protein_A3	14kDa|C330026P08Rik	protein	NCBITaxon:10090	20210627	UniProt		
MGI	MGI:1915490	Rpa3		GO:0006281	MGI:MGI:1354194|GO_REF:0000004	IEA	UniProtKB-KW:KW-0234	P	replication_protein_A3	14kDa|C330026P08Rik	protein	NCBITaxon:10090	20210627	UniProt		
MGI	MGI:1925662	Cyren		GO:0006281	MGI:MGI:1354194|GO_REF:0000004	IEA	UniProtKB-KW:KW-0234	P	cell_cycle_regulator_of_NHEJ	3110062M04Rik	protein	NCBITaxon:10090	20210627	UniProt		
MGI	MGI:2150152	Ubqln4		GO:0006281	MGI:MGI:1354194|GO_REF:0000004	IEA	UniProtKB-KW:KW-0234	P	ubiquilin_4	UBIN	protein	NCBITaxon:10090	20210627	UniProt		
MGI	MGI:1915395	Etaa1		GO:0006281	MGI:MGI:1354194|GO_REF:0000004	IEA	UniProtKB-KW:KW-0234	P	Ewing_tumor-associated_antigen_1	5730466H23Rik	protein	NCBITaxon:10090	20210627	UniProt		
MGI	MGI:1915392	Ino80		GO:0006281	PMID:21873635	IBA	PANTHER:PTN001521025|UniProtKB:Q9ULG1|SGD:S000003118	P	INO80_complex_subunit	2310079N15Rik|4632409L19Rik|Inoc1	protein	NCBITaxon:10090	20200810	GO_Central		
MGI	MGI:1915317	Mrnip		GO:0006281	MGI:MGI:1354194|GO_REF:0000004	IEA	UniProtKB-KW:KW-0234	P	MRN_complex_interacting_protein	3010026O09Rik	protein	NCBITaxon:10090	20210627	UniProt		
MGI	MGI:1915220	Slx1b		GO:0006281	MGI:MGI:2152098|GO_REF:0000002	IEA	InterPro:IPR027520	P	SLX1_structure-specific_endonuclease_subunit_homolog_B_(S._cerevisiae)	1110030E23Rik|2410170E21Rik|4833422P03Rik|Giyd2	protein	NCBITaxon:10090	20210627	UniProt		
MGI	MGI:1915220	Slx1b		GO:0006281	MGI:MGI:1354194|GO_REF:0000004	IEA	UniProtKB-KW:KW-0234	P	SLX1_structure-specific_endonuclease_subunit_homolog_B_(S._cerevisiae)	1110030E23Rik|2410170E21Rik|4833422P03Rik|Giyd2	protein	NCBITaxon:10090	20210627	UniProt		
MGI	MGI:2443014	Ino80c		GO:0006281	MGI:MGI:1354194|GO_REF:0000004	IEA	UniProtKB-KW:KW-0234	P	INO80_complex_subunit_C	D030070L09Rik	protein	NCBITaxon:10090	20210627	UniProt		
MGI	MGI:1915122	Nsmce4a		GO:0006281	PMID:21873635	IBA	PANTHER:PTN000414206|SGD:S000002263|PomBase:SPBC20F10.04c	P	NSE4_homolog_A,_SMC5-SMC6_complex_component	2410003A14Rik	protein	NCBITaxon:10090	20201205	GO_Central		
MGI	MGI:1915038	Sfr1		GO:0006281	MGI:MGI:1354194|GO_REF:0000004	IEA	UniProtKB-KW:KW-0234	P	SWI5_dependent_recombination_repair_1	6330577E15Rik	protein	NCBITaxon:10090	20210627	UniProt		
MGI	MGI:2143994	Psme4		GO:0006281	MGI:MGI:5494329|PMID:23706739	IMP		P	proteasome_(prosome,_macropain)_activator_subunit_4		protein	NCBITaxon:10090	20130614	UniProt		
MGI	MGI:1341823	Fanca		GO:0006281	MGI:MGI:1354194|GO_REF:0000004	IEA	UniProtKB-KW:KW-0234	P	Fanconi_anemia,_complementation_group_A		protein	NCBITaxon:10090	20210627	UniProt		
MGI	MGI:2444804	Bod1l		GO:0006281	MGI:MGI:1354194|GO_REF:0000004	IEA	UniProtKB-KW:KW-0234	P	biorientation_of_chromosomes_in_cell_division_1-like	A230054D04Rik	protein	NCBITaxon:10090	20210627	UniProt		
MGI	MGI:1890508	Zmpste24		GO:0006281	MGI:MGI:3583382|PMID:15980864	IMP	MGI:MGI:2180033	P	zinc_metallopeptidase,_STE24	A530043O15Rik	protein	NCBITaxon:10090	20180823	MGI		
MGI	MGI:1890508	Zmpste24		GO:0006281	MGI:MGI:5139938|PMID:21746928	IGI	MGI:MGI:1931221	P	zinc_metallopeptidase,_STE24	A530043O15Rik	protein	NCBITaxon:10090	20180822	MGI		
MGI	MGI:1890508	Zmpste24		GO:0006281	MGI:MGI:5139938|PMID:21746928	IMP	MGI:MGI:2180033	P	zinc_metallopeptidase,_STE24	A530043O15Rik	protein	NCBITaxon:10090	20180822	MGI		
MGI	MGI:2140945	Pds5b		GO:0006281	PMID:21873635	IBA	PANTHER:PTN000292173|TAIR:locus:2169058|TAIR:locus:2200557|TAIR:locus:2116787|SGD:S000004681	P	PDS5_cohesin_associated_factor_B	Aprin|AS3	protein	NCBITaxon:10090	20170228	GO_Central		
MGI	MGI:1922246	Usp47		GO:0006281	MGI:MGI:1354194|GO_REF:0000004	IEA	UniProtKB-KW:KW-0234	P	ubiquitin_specific_peptidase_47	4930502N04Rik|A630020C16Rik	protein	NCBITaxon:10090	20210627	UniProt		
MGI	MGI:2147616	Otub1		GO:0006281	MGI:MGI:1354194|GO_REF:0000004	IEA	UniProtKB-KW:KW-0234	P	OTU_domain,_ubiquitin_aldehyde_binding_1		protein	NCBITaxon:10090	20210627	UniProt		
MGI	MGI:1890476	Rad18		GO:0006281	MGI:MGI:1354194|GO_REF:0000004	IEA	UniProtKB-KW:KW-0234	P	RAD18_E3_ubiquitin_protein_ligase	2810024C04Rik	protein	NCBITaxon:10090	20210627	UniProt		
MGI	MGI:1890476	Rad18		GO:0006281	MGI:MGI:2152098|GO_REF:0000002	IEA	InterPro:IPR006642	P	RAD18_E3_ubiquitin_protein_ligase	2810024C04Rik	protein	NCBITaxon:10090	20210627	UniProt		
MGI	MGI:2444688	Endov		GO:0006281	MGI:MGI:5009179|PMID:12853604	IDA		P	endonuclease_V	A730011L01Rik	protein	NCBITaxon:10090	20110516	UniProt		
MGI	MGI:104288	Pms2		GO:0006281	MGI:MGI:3513725|PMID:15480418	IMP	MGI:MGI:1857947	P	PMS1_homolog2,_mismatch_repair_system_component	DNA_mismatch_repair|mismatch_repair	protein	NCBITaxon:10090	20050725	MGI	CL:0000084	
MGI	MGI:109274	Trim28		GO:0006281	MGI:MGI:4834177|GO_REF:0000096	ISO	UniProtKB:Q13263	P	tripartite_motif-containing_28	KAP-1|KRIP-1|MommeD9|Tif1b	protein	NCBITaxon:10090	20110815	MGI		
MGI	MGI:1335091	Zbtb7a		GO:0006281	MGI:MGI:1354194|GO_REF:0000004	IEA	UniProtKB-KW:KW-0234	P	zinc_finger_and_BTB_domain_containing_7a	9030619K07Rik|9130006G12Rik|FBI-1|Leukemia/lymphoma_Related_Factor|Lrf|Pokemon|Zbtb7	protein	NCBITaxon:10090	20210627	UniProt		
MGI	MGI:1921778	Mgme1		GO:0006281	MGI:MGI:1354194|GO_REF:0000004	IEA	UniProtKB-KW:KW-0234	P	mitochondrial_genome_maintenance_exonuclease_1	8430406I07Rik	protein	NCBITaxon:10090	20210627	UniProt		
MGI	MGI:1344345	Smc1a		GO:0006281	MGI:MGI:1354194|GO_REF:0000004	IEA	UniProtKB-KW:KW-0234	P	structural_maintenance_of_chromosomes_1A	5830426I24Rik|SB1.8|Smc1|Smc1alpha|Smc1l1|SMCB	protein	NCBITaxon:10090	20210627	UniProt		
MGI	MGI:1344345	Smc1a		GO:0006281	MGI:MGI:2152098|GO_REF:0000002	IEA	InterPro:IPR029683	P	structural_maintenance_of_chromosomes_1A	5830426I24Rik|SB1.8|Smc1|Smc1alpha|Smc1l1|SMCB	protein	NCBITaxon:10090	20210627	UniProt		
MGI	MGI:1890430	Paxip1		GO:0006281	MGI:MGI:1354194|GO_REF:0000004	IEA	UniProtKB-KW:KW-0234	P	PAX_interacting_(with_transcription-activation_domain)_protein_1	D5Ertd149e|PTIP	protein	NCBITaxon:10090	20210627	UniProt		
MGI	MGI:103557	Xpc		GO:0006281	MGI:MGI:2445277|PMID:12555660	IMP	MGI:MGI:1859840	P	xeroderma_pigmentosum,_complementation_group_C		protein	NCBITaxon:10090	20030821	MGI		
MGI	MGI:102944	Ube2b		GO:0006281	MGI:MGI:4834177|GO_REF:0000096	ISO	UniProtKB:P63146	P	ubiquitin-conjugating_enzyme_E2B	E2-14k|HR6B|Rad6b	protein	NCBITaxon:10090	20090703	MGI		
MGI	MGI:102944	Ube2b		GO:0006281	PMID:21873635	IBA	PANTHER:PTN000630651|UniProtKB:Q96UP5|UniProtKB:P49459|WB:WBGene00006701|SGD:S000003026|UniProtKB:P63146|FB:FBgn0004436	P	ubiquitin-conjugating_enzyme_E2B	E2-14k|HR6B|Rad6b	protein	NCBITaxon:10090	20200809	GO_Central		
MGI	MGI:1347487	Foxm1		GO:0006281	MGI:MGI:1354194|GO_REF:0000004	IEA	UniProtKB-KW:KW-0234	P	forkhead_box_M1	Fkh16|Foxm1b|HFH-11B|Mpm2|Trident|WIN	protein	NCBITaxon:10090	20210627	UniProt		
MGI	MGI:103234	Herc2		GO:0006281	MGI:MGI:1354194|GO_REF:0000004	IEA	UniProtKB-KW:KW-0234	P	HECT_and_RLD_domain_containing_E3_ubiquitin_protein_ligase_2	D15F32S1h|D7H15F32S1|D7H15F37S1|jdf2|rjs	protein	NCBITaxon:10090	20210627	UniProt		
MGI	MGI:2443590	Ddx11		GO:0006281	MGI:MGI:1354194|GO_REF:0000004	IEA	UniProtKB-KW:KW-0234	P	DEAD/H_box_helicase_11	4732462I11Rik|CHL1|CHLR1|DEAD/H_(Asp-Glu-Ala-Asp/His)_box_helicase_11|essa15a|KRG2	protein	NCBITaxon:10090	20210627	UniProt		
MGI	MGI:1931221	Hdac9		GO:0006281	MGI:MGI:5139938|PMID:21746928	IGI	MGI:MGI:1890508	P	histone_deacetylase_9	D030072B18Rik|Hdac7b|HDRP|Mitr	protein	NCBITaxon:10090	20180822	MGI		
MGI	MGI:1918177	Setd2		GO:0006281	MGI:MGI:1354194|GO_REF:0000004	IEA	UniProtKB-KW:KW-0234	P	SET_domain_containing_2	4921524K10Rik|KMT3A	protein	NCBITaxon:10090	20210627	UniProt		
MGI	MGI:1921605	Smchd1		GO:0006281	MGI:MGI:1354194|GO_REF:0000004	IEA	UniProtKB-KW:KW-0234	P	SMC_hinge_domain_containing_1	4931400A14Rik|MommeD1	protein	NCBITaxon:10090	20210627	UniProt		
MGI	MGI:1921585	Xrcc3		GO:0006281	MGI:MGI:4834177|GO_REF:0000096	ISO	UniProtKB:O43542	P	X-ray_repair_complementing_defective_repair_in_Chinese_hamster_cells_3	4432412E01Rik	protein	NCBITaxon:10090	20100120	MGI		
MGI	MGI:3045334	Mcmdc2		GO:0006281	MGI:MGI:1354194|GO_REF:0000004	IEA	UniProtKB-KW:KW-0234	P	minichromosome_maintenance_domain_containing_2	6030422M02Rik	protein	NCBITaxon:10090	20210627	UniProt		
MGI	MGI:95453	Smarcad1		GO:0006281	MGI:MGI:1354194|GO_REF:0000004	IEA	UniProtKB-KW:KW-0234	P	SWI/SNF-related,_matrix-associated_actin-dependent_regulator_of_chromatin,_subfamily_a,_containing_DEAD/H_box_1	D6Pas1|Etl1	protein	NCBITaxon:10090	20210627	UniProt		
MGI	MGI:95414	Ercc3		GO:0006281	MGI:MGI:4834177|GO_REF:0000096	ISO	UniProtKB:P19447	P	excision_repair_cross-complementing_rodent_repair_deficiency,_complementation_group_3	XPB	protein	NCBITaxon:10090	20071116	MGI		
MGI	MGI:95413	Ercc2		GO:0006281	MGI:MGI:2179786|PMID:11950998	IMP	MGI:MGI:2183949	P	excision_repair_cross-complementing_rodent_repair_deficiency,_complementation_group_2	Ercc-2|Mhdarco15|RCO015|XPD	protein	NCBITaxon:10090	20030814	MGI		
MGI	MGI:95412	Ercc1		GO:0006281	MGI:MGI:2446381|PMID:12466203	IMP	MGI:MGI:2158940	P	excision_repair_cross-complementing_rodent_repair_deficiency,_complementation_group_1	Ercc-1	protein	NCBITaxon:10090	20071023	MGI	EMAPA:17972|CL:0000015	
MGI	MGI:95412	Ercc1		GO:0006281	MGI:MGI:5617066|PMID:25538220	ISO	UniProtKB:P07992	P	excision_repair_cross-complementing_rodent_repair_deficiency,_complementation_group_1	Ercc-1	protein	NCBITaxon:10090	20160323	MGI		
MGI	MGI:1859183	Smarcal1		GO:0006281	PMID:21873635	IBA	PANTHER:PTN002908525|FB:FBgn0031655|UniProtKB:Q9NZC9|UniProtKB:Q5FWF4	P	SWI/SNF_related_matrix_associated,_actin_dependent_regulator_of_chromatin,_subfamily_a-like_1	6030401P21Rik|Mharp	protein	NCBITaxon:10090	20210601	GO_Central		
MGI	MGI:1914848	Uchl5		GO:0006281	MGI:MGI:1354194|GO_REF:0000004	IEA	UniProtKB-KW:KW-0234	P	ubiquitin_carboxyl-terminal_esterase_L5	5830413B11Rik|Uch37	protein	NCBITaxon:10090	20210627	UniProt		
MGI	MGI:3045266	Fan1		GO:0006281	MGI:MGI:4834177|GO_REF:0000096	ISO	UniProtKB:Q9Y2M0	P	FANCD2/FANCI-associated_nuclease_1	6030441H18Rik|Mtmr15	protein	NCBITaxon:10090	20100721	MGI		
MGI	MGI:1914811	Wdr48		GO:0006281	MGI:MGI:1354194|GO_REF:0000004	IEA	UniProtKB-KW:KW-0234	P	WD_repeat_domain_48	8430408H12Rik|Uaf1	protein	NCBITaxon:10090	20210627	UniProt		
MGI	MGI:2443149	Gen1		GO:0006281	MGI:MGI:1354194|GO_REF:0000004	IEA	UniProtKB-KW:KW-0234	P	GEN1,_Holliday_junction_5'_flap_endonuclease	5830483C08Rik	protein	NCBITaxon:10090	20210627	UniProt		
MGI	MGI:2176740	Helq		GO:0006281	MGI:MGI:1354194|GO_REF:0000004	IEA	UniProtKB-KW:KW-0234	P	helicase,_POLQ-like	D430018E21Rik|Hel308	protein	NCBITaxon:10090	20210627	UniProt		
MGI	MGI:1914763	Faap20		GO:0006281	MGI:MGI:1354194|GO_REF:0000004	IEA	UniProtKB-KW:KW-0234	P	Fanconi_anemia_core_complex_associated_protein_20	2610002J02Rik	protein	NCBITaxon:10090	20210627	UniProt		
MGI	MGI:1914740	Ufl1		GO:0006281	MGI:MGI:1354194|GO_REF:0000004	IEA	UniProtKB-KW:KW-0234	P	UFM1_specific_ligase_1	1810074P20Rik|Maxer|Rcad	protein	NCBITaxon:10090	20210627	UniProt		
MGI	MGI:1914734	Eepd1		GO:0006281	MGI:MGI:2152098|GO_REF:0000002	IEA	InterPro:IPR003583	P	endonuclease/exonuclease/phosphatase_family_domain_containing_1	2310005P05Rik	protein	NCBITaxon:10090	20210627	UniProt		
MGI	MGI:1924968	Slf2		GO:0006281	MGI:MGI:1354194|GO_REF:0000004	IEA	UniProtKB-KW:KW-0234	P	SMC5-SMC6_complex_localization_factor_2	6030443O07Rik|Fam178a	protein	NCBITaxon:10090	20210627	UniProt		
MGI	MGI:2443480	Setx		GO:0006281	MGI:MGI:1354194|GO_REF:0000004	IEA	UniProtKB-KW:KW-0234	P	senataxin	A930037J23Rik|Als4	protein	NCBITaxon:10090	20210627	UniProt		
MGI	MGI:2385231	Rad9b		GO:0006281	PMID:21873635	IBA	PANTHER:PTN000391242|SGD:S000006115	P	RAD9_checkpoint_clamp_component_B	A630082N15Rik	protein	NCBITaxon:10090	20170228	GO_Central		
MGI	MGI:103067	Atrx		GO:0006281	MGI:MGI:1354194|GO_REF:0000004	IEA	UniProtKB-KW:KW-0234	P	ATRX,_chromatin_remodeler	4833408C14Rik|alpha_thalassemia/mental_retardation_syndrome_X-linked|DXHXS6677E|Hp1bp2|HP1-BP38|Rad54|XH2|Xnp	protein	NCBITaxon:10090	20210627	UniProt		
MGI	MGI:1261809	Rad51d		GO:0006281	MGI:MGI:1354194|GO_REF:0000004	IEA	UniProtKB-KW:KW-0234	P	RAD51_paralog_D	R51H3|Rad51l3	protein	NCBITaxon:10090	20210627	UniProt		
MGI	MGI:1261809	Rad51d		GO:0006281	MGI:MGI:2152098|GO_REF:0000002	IEA	InterPro:IPR020588	P	RAD51_paralog_D	R51H3|Rad51l3	protein	NCBITaxon:10090	20210627	UniProt		
MGI	MGI:95530	Fh1		GO:0006281	MGI:MGI:1354194|GO_REF:0000004	IEA	UniProtKB-KW:KW-0234	P	fumarate_hydratase_1	fumarase	protein	NCBITaxon:10090	20210627	UniProt		
MGI	MGI:1347085	Cetn2		GO:0006281	MGI:MGI:1354194|GO_REF:0000004	IEA	UniProtKB-KW:KW-0234	P	centrin_2	1110034A02Rik|caltractin	protein	NCBITaxon:10090	20210627	UniProt		
MGI	MGI:1914212	Swsap1		GO:0006281	MGI:MGI:1354194|GO_REF:0000004	IEA	UniProtKB-KW:KW-0234	P	SWIM_type_zinc_finger_7_associated_protein_1	2310047B19Rik	protein	NCBITaxon:10090	20210627	UniProt		
MGI	MGI:104537	Brca1		GO:0006281	MGI:MGI:1354194|GO_REF:0000004	IEA	UniProtKB-KW:KW-0234	P	breast_cancer_1,_early_onset		protein	NCBITaxon:10090	20210627	UniProt		
MGI	MGI:104537	Brca1		GO:0006281	MGI:MGI:2152098|GO_REF:0000002	IEA	InterPro:IPR011364|InterPro:IPR031099	P	breast_cancer_1,_early_onset		protein	NCBITaxon:10090	20210627	UniProt		
MGI	MGI:104517	Xrcc5		GO:0006281	MGI:MGI:1354194|GO_REF:0000004	IEA	UniProtKB-KW:KW-0234	P	X-ray_repair_complementing_defective_repair_in_Chinese_hamster_cells_5	Ku80|Ku86	protein	NCBITaxon:10090	20210627	UniProt		
MGI	MGI:1341868	Rfc2		GO:0006281	PMID:21873635	IBA	PANTHER:PTN000186209|PomBase:SPAC27E2.10c|PomBase:SPAC1687.03c|PomBase:SPAC23D3.02|PomBase:SPBC83.14c	P	replication_factor_C_(activator_1)_2	2610008M13Rik|40kDa|Recc2	protein	NCBITaxon:10090	20170228	GO_Central		
MGI	MGI:1314881	Chaf1b		GO:0006281	MGI:MGI:1354194|GO_REF:0000004	IEA	UniProtKB-KW:KW-0234	P	chromatin_assembly_factor_1,_subunit_B_(p60)	2600017H24Rik|CAF1|CAF1A|CAF1P60|CAF-1_subunit_B|CAF-I_60_kDa_subunit|CAF-IP60|MPHOSPH7	protein	NCBITaxon:10090	20210627	UniProt		
MGI	MGI:2156841	Recql5		GO:0006281	MGI:MGI:4834177|GO_REF:0000096	ISO	UniProtKB:O94762	P	RecQ_protein-like_5	Recq5b|Recql5b	protein	NCBITaxon:10090	20130703	MGI		
MGI	MGI:2156841	Recql5		GO:0006281	PMID:21873635	IBA	PANTHER:PTN000344873|UniProtKB:P15043|TAIR:locus:2180255|FB:FBgn0027375|UniProtKB:P54132|SGD:S000004802|MGI:MGI:1328362|UniProtKB:Q14191|WB:WBGene00001865|PomBase:SPAC2G11.12|MGI:MGI:2156841|FB:FBgn0002906|TAIR:locus:2197394|UniProtKB:O94762|FB:FBgn0040290	P	RecQ_protein-like_5	Recq5b|Recql5b	protein	NCBITaxon:10090	20201205	GO_Central		
MGI	MGI:1350917	Rps3		GO:0006281	MGI:MGI:1354194|GO_REF:0000004	IEA	UniProtKB-KW:KW-0234	P	ribosomal_protein_S3	D7Ertd795e	protein	NCBITaxon:10090	20210627	UniProt		
MGI	MGI:1337131	Rev3l		GO:0006281	MGI:MGI:2176643|PMID:11884603	IMP	MGI:MGI:2183197	P	REV3_like,_DNA_directed_polymerase_zeta_catalytic_subunit	Rev|Sez4	protein	NCBITaxon:10090	20041223	MGI		
MGI	MGI:1337104	Eya4		GO:0006281	MGI:MGI:1354194|GO_REF:0000004	IEA	UniProtKB-KW:KW-0234	P	EYA_transcriptional_coactivator_and_phosphatase_4	B130023L16Rik	protein	NCBITaxon:10090	20210627	UniProt		
MGI	MGI:96113	Hmgb1		GO:0006281	MGI:MGI:1354194|GO_REF:0000004	IEA	UniProtKB-KW:KW-0234	P	high_mobility_group_box_1	amphoterin|DEF|Hmg1|HMG-1|p30|SBP-1	protein	NCBITaxon:10090	20210627	UniProt		
MGI	MGI:107995	Upf1		GO:0006281	MGI:MGI:4834177|GO_REF:0000096	ISO	UniProtKB:Q92900	P	UPF1_regulator_of_nonsense_transcripts_homolog_(yeast)	B430202H16Rik|PNORF-1|Rent1	protein	NCBITaxon:10090	20060317	MGI		
MGI	MGI:1917931	Abraxas1		GO:0006281	MGI:MGI:1354194|GO_REF:0000004	IEA	UniProtKB-KW:KW-0234	P	BRCA1_A_complex_subunit	3830405G04Rik|5630400M01Rik|Ccdc98|Fam175a	protein	NCBITaxon:10090	20210627	UniProt		
MGI	MGI:1917925	Vcpip1		GO:0006281	MGI:MGI:1354194|GO_REF:0000004	IEA	UniProtKB-KW:KW-0234	P	valosin_containing_protein_(p97)/p47_complex_interacting_protein_1	5730421J18Rik|5730538E15Rik|Vcip135	protein	NCBITaxon:10090	20210627	UniProt		
MGI	MGI:1918351	Uvssa		GO:0006281	MGI:MGI:1354194|GO_REF:0000004	IEA	UniProtKB-KW:KW-0234	P	UV_stimulated_scaffold_protein_A	4933407H18Rik|D330017J19Rik	protein	NCBITaxon:10090	20210627	UniProt		
MGI	MGI:1924261	Ticrr		GO:0006281	MGI:MGI:1354194|GO_REF:0000004	IEA	UniProtKB-KW:KW-0234	P	TOPBP1-interacting_checkpoint_and_replication_regulator	5730590G19Rik	protein	NCBITaxon:10090	20210627	UniProt		
MGI	MGI:1924203	Emsy		GO:0006281	MGI:MGI:1354194|GO_REF:0000004	IEA	UniProtKB-KW:KW-0234	P	EMSY,_BRCA2-interacting_transcriptional_repressor	2210018M11Rik	protein	NCBITaxon:10090	20210627	UniProt		
MGI	MGI:2139369	Rtel1		GO:0006281	MGI:MGI:2152098|GO_REF:0000002	IEA	InterPro:IPR030845	P	regulator_of_telomere_elongation_helicase_1		protein	NCBITaxon:10090	20210627	UniProt		
MGI	MGI:2139369	Rtel1		GO:0006281	MGI:MGI:1354194|GO_REF:0000004	IEA	UniProtKB-KW:KW-0234	P	regulator_of_telomere_elongation_helicase_1		protein	NCBITaxon:10090	20210627	UniProt		
MGI	MGI:103185	Uimc1		GO:0006281	MGI:MGI:1354194|GO_REF:0000004	IEA	UniProtKB-KW:KW-0234	P	ubiquitin_interaction_motif_containing_1	9430016E08Rik|D330018D10Rik|D630032M02Rik|Rxrip110	protein	NCBITaxon:10090	20210627	UniProt		
MGI	MGI:103185	Uimc1		GO:0006281	MGI:MGI:2152098|GO_REF:0000002	IEA	InterPro:IPR006642	P	ubiquitin_interaction_motif_containing_1	9430016E08Rik|D330018D10Rik|D630032M02Rik|Rxrip110	protein	NCBITaxon:10090	20210627	UniProt		
MGI	MGI:1913284	Psmd14		GO:0006281	MGI:MGI:1354194|GO_REF:0000004	IEA	UniProtKB-KW:KW-0234	P	proteasome_(prosome,_macropain)_26S_subunit,_non-ATPase,_14	2610312C03Rik|3200001M20Rik|Pad1|POH1	protein	NCBITaxon:10090	20210627	UniProt		
MGI	MGI:1346343	Trex2		GO:0006281	MGI:MGI:2152098|GO_REF:0000002	IEA	InterPro:IPR034926	P	three_prime_repair_exonuclease_2		protein	NCBITaxon:10090	20210627	UniProt		
MGI	MGI:1346343	Trex2		GO:0006281	MGI:MGI:1354194|GO_REF:0000004	IEA	UniProtKB-KW:KW-0234	P	three_prime_repair_exonuclease_2		protein	NCBITaxon:10090	20210627	UniProt		
MGI	MGI:95606	Xrcc6		GO:0006281	MGI:MGI:1354194|GO_REF:0000004	IEA	UniProtKB-KW:KW-0234	P	X-ray_repair_complementing_defective_repair_in_Chinese_hamster_cells_6	G22p1|Ku70|Ku_p70	protein	NCBITaxon:10090	20210627	UniProt		
MGI	MGI:2684957	Rexo4		GO:0006281	MGI:MGI:4834177|GO_REF:0000096	ISO	UniProtKB:Q9GZR2	P	REX4,_3'-5'_exonuclease	Rex4|XPMC2H	protein	NCBITaxon:10090	20210415	MGI		
MGI	MGI:3689889	Fancf		GO:0006281	MGI:MGI:1354194|GO_REF:0000004	IEA	UniProtKB-KW:KW-0234	P	Fanconi_anemia,_complementation_group_F		protein	NCBITaxon:10090	20210627	UniProt		
MGI	MGI:106184	Npm1		GO:0006281	MGI:MGI:4834177|GO_REF:0000096	ISO	UniProtKB:P06748	P	nucleophosmin_1	B23|NO38|nucleolar_protein_NO38	protein	NCBITaxon:10090	20101012	MGI		
MGI	MGI:1855692	Nono		GO:0006281	MGI:MGI:1354194|GO_REF:0000004	IEA	UniProtKB-KW:KW-0234	P	non-POU-domain-containing,_octamer_binding_protein	P54NRB	protein	NCBITaxon:10090	20210627	UniProt		
MGI	MGI:2384034	Alkbh1		GO:0006281	MGI:MGI:4834177|GO_REF:0000096	ISO	UniProtKB:Q13686	P	alkB_homolog_1,_histone_H2A_dioxygenase	alkB|Alkbh|Nrp	protein	NCBITaxon:10090	20100429	MGI		
MGI	MGI:1923258	Nabp1		GO:0006281	MGI:MGI:4834177|GO_REF:0000096	ISO	UniProtKB:Q96AH0	P	nucleic_acid_binding_protein_1	4930434H03Rik|4930442A21Rik|4930488J04Rik|4933440J18Rik|5830411E10Rik|Nbp1|Obfc2a|Ssb2	protein	NCBITaxon:10090	20090820	MGI		
MGI	MGI:103021	Recql		GO:0006281	PMID:21873635	IBA	PANTHER:PTN000344873|UniProtKB:P15043|TAIR:locus:2180255|FB:FBgn0027375|UniProtKB:P54132|SGD:S000004802|MGI:MGI:1328362|UniProtKB:Q14191|WB:WBGene00001865|PomBase:SPAC2G11.12|MGI:MGI:2156841|FB:FBgn0002906|TAIR:locus:2197394|UniProtKB:O94762|FB:FBgn0040290	P	RecQ_protein-like	RecQ1	protein	NCBITaxon:10090	20201205	GO_Central		
MGI	MGI:88042	Apex1		GO:0006281	MGI:MGI:4834177|GO_REF:0000096	ISO	UniProtKB:P27695	P	apurinic/apyrimidinic_endonuclease_1	HAP1|Ref-1	protein	NCBITaxon:10090	20210527	MGI		
MGI	MGI:106299	Slx4		GO:0006281	MGI:MGI:4834177|GO_REF:0000096	ISO	UniProtKB:Q8IY92	P	SLX4_structure-specific_endonuclease_subunit_homolog_(S._cerevisiae)	Btbd12|D16Bwg1016e	protein	NCBITaxon:10090	20090811	MGI		
MGI	MGI:1916964	Tfpt		GO:0006281	MGI:MGI:1354194|GO_REF:0000004	IEA	UniProtKB-KW:KW-0234	P	TCF3_(E2A)_fusion_partner	2400004F01Rik|Amida|FB1	protein	NCBITaxon:10090	20210627	UniProt		
MGI	MGI:106247	Prpf19		GO:0006281	MGI:MGI:2152098|GO_REF:0000002	IEA	InterPro:IPR038959	P	pre-mRNA_processing_factor_19	D19Wsu55e|Prp19|PSO4|Snev	protein	NCBITaxon:10090	20210627	UniProt		
MGI	MGI:106247	Prpf19		GO:0006281	MGI:MGI:1354194|GO_REF:0000004	IEA	UniProtKB-KW:KW-0234	P	pre-mRNA_processing_factor_19	D19Wsu55e|Prp19|PSO4|Snev	protein	NCBITaxon:10090	20210627	UniProt		
MGI	MGI:1916997	Zswim7		GO:0006281	MGI:MGI:1354194|GO_REF:0000004	IEA	UniProtKB-KW:KW-0234	P	zinc_finger_SWIM-type_containing_7	2410012H22Rik|SWS1	protein	NCBITaxon:10090	20210627	UniProt		
MGI	MGI:106207	Mnat1		GO:0006281	PMID:21873635	IBA	PANTHER:PTN000293747|SGD:S000002868	P	menage_a_trois_1	E130115E11Rik|MAT1	protein	NCBITaxon:10090	20170228	GO_Central		
MGI	MGI:1353578	Pttg1		GO:0006281	MGI:MGI:1354194|GO_REF:0000004	IEA	UniProtKB-KW:KW-0234	P	pituitary_tumor-transforming_gene_1	PTTG|securin	protein	NCBITaxon:10090	20210627	UniProt		
MGI	MGI:1351320	Trp53bp1		GO:0006281	MGI:MGI:3053255|PMID:15364958	IDA		P	transformation_related_protein_53_binding_protein_1	53BP1|p53BP1	protein	NCBITaxon:10090	20050603	MGI		
MGI	MGI:2442995	Rbbp8		GO:0006281	MGI:MGI:1354194|GO_REF:0000004	IEA	UniProtKB-KW:KW-0234	P	retinoblastoma_binding_protein_8,_endonuclease	9930104E21Rik|CtIP	protein	NCBITaxon:10090	20210627	UniProt		
MGI	MGI:2442995	Rbbp8		GO:0006281	MGI:MGI:2152098|GO_REF:0000002	IEA	InterPro:IPR013882	P	retinoblastoma_binding_protein_8,_endonuclease	9930104E21Rik|CtIP	protein	NCBITaxon:10090	20210627	UniProt		
MGI	MGI:109292	Rad50		GO:0006281	MGI:MGI:4834177|GO_REF:0000096	ISO	UniProtKB:Q92878	P	RAD50_double_strand_break_repair_protein	Mrell|Rad50l	protein	NCBITaxon:10090	20080310	MGI		
MGI	MGI:109280	Nudt1		GO:0006281	MGI:MGI:2152098|GO_REF:0000002	IEA	InterPro:IPR003563	P	nudix_(nucleoside_diphosphate_linked_moiety_X)-type_motif_1	8-oxo-7,8-dihydro-2'-dGTPase|Mth1	protein	NCBITaxon:10090	20210627	UniProt		
MGI	MGI:109233	Kif22		GO:0006281	MGI:MGI:2152098|GO_REF:0000002	IEA	InterPro:IPR003583	P	kinesin_family_member_22	Kid|Kif22a	protein	NCBITaxon:10090	20210627	UniProt		
MGI	MGI:2442836	Brip1		GO:0006281	MGI:MGI:1354194|GO_REF:0000004	IEA	UniProtKB-KW:KW-0234	P	BRCA1_interacting_protein_C-terminal_helicase_1	3110009N10Rik|8030460J03Rik|BACH1	protein	NCBITaxon:10090	20210627	UniProt		
MGI	MGI:109519	Msh3		GO:0006281	MGI:MGI:4834177|GO_REF:0000096	ISO	UniProtKB:P20585	P	mutS_homolog_3	D13Em1|Rep3|Rep-3	protein	NCBITaxon:10090	20080917	MGI		
MGI	MGI:1917135	Aunip		GO:0006281	MGI:MGI:1354194|GO_REF:0000004	IEA	UniProtKB-KW:KW-0234	P	aurora_kinase_A_and_ninein_interacting_protein	2610002D18Rik	protein	NCBITaxon:10090	20210627	UniProt		
MGI	MGI:1096570	Tex264		GO:0006281	MGI:MGI:1354194|GO_REF:0000004	IEA	UniProtKB-KW:KW-0234	P	testis_expressed_gene_264	TEG-264	protein	NCBITaxon:10090	20210627	UniProt		
MGI	MGI:1096551	Morf4l1		GO:0006281	MGI:MGI:1354194|GO_REF:0000004	IEA	UniProtKB-KW:KW-0234	P	mortality_factor_4_like_1	MORFRG15|MRG15|TEG-189|Tex189	protein	NCBITaxon:10090	20210627	UniProt		
MGI	MGI:1927345	Xrcc2		GO:0006281	MGI:MGI:4834177|GO_REF:0000096	ISO	UniProtKB:O43543	P	X-ray_repair_complementing_defective_repair_in_Chinese_hamster_cells_2	4921524O04Rik|8030409M04Rik|RecA	protein	NCBITaxon:10090	20100120	MGI		
MGI	MGI:102779	Fen1		GO:0006281	MGI:MGI:2668283|PMID:12861020	IMP	MGI:MGI:2670036	P	flap_structure_specific_endonuclease_1		protein	NCBITaxon:10090	20031016	MGI		
MGI	MGI:102688	H2ax		GO:0006281	MGI:MGI:2179182|PMID:11934988	IMP	MGI:MGI:2156048	P	H2A.X_variant_histone	gammaH2ax|H2afx|H2A.X|Hist5-2ax	protein	NCBITaxon:10090	20031031	MGI		
MGI	MGI:102688	H2ax		GO:0006281	MGI:MGI:3053255|PMID:15364958	IDA		P	H2A.X_variant_histone	gammaH2ax|H2afx|H2A.X|Hist5-2ax	protein	NCBITaxon:10090	20050603	MGI		
MGI	MGI:2442293	Usp28		GO:0006281	MGI:MGI:1354194|GO_REF:0000004	IEA	UniProtKB-KW:KW-0234	P	ubiquitin_specific_peptidase_28	9830148O20Rik	protein	NCBITaxon:10090	20210627	UniProt		
MGI	MGI:2442261	Cgas		GO:0006281	MGI:MGI:1354194|GO_REF:0000004	IEA	UniProtKB-KW:KW-0234	P	cyclic_GMP-AMP_synthase	E330016A19Rik|Mb21d1	protein	NCBITaxon:10090	20210627	UniProt		
MGI	MGI:1913897	Nsmce3		GO:0006281	MGI:MGI:4834177|GO_REF:0000096	ISO	UniProtKB:Q96MG7	P	NSE3_homolog,_SMC5-SMC6_complex_component	5730494G16Rik|HCA4|Mageg1|Ndnl2	protein	NCBITaxon:10090	20170309	MGI		
MGI	MGI:1913884	Mcm8		GO:0006281	MGI:MGI:1354194|GO_REF:0000004	IEA	UniProtKB-KW:KW-0234	P	minichromosome_maintenance_8_homologous_recombination_repair_factor	5730432L01Rik	protein	NCBITaxon:10090	20210627	UniProt		
MGI	MGI:1925860	Uvrag		GO:0006281	MGI:MGI:4834177|GO_REF:0000096	ISO	UniProtKB:Q9P2Y5	P	UV_radiation_resistance_associated_gene	9530039D02Rik|Uvragl	protein	NCBITaxon:10090	20150402	MGI		
MGI	MGI:1925860	Uvrag		GO:0006281	MGI:MGI:5644018|PMID:22542840	IMP		P	UV_radiation_resistance_associated_gene	9530039D02Rik|Uvragl	protein	NCBITaxon:10090	20150402	UniProt		
MGI	MGI:2656973	Dtx3l		GO:0006281	MGI:MGI:1354194|GO_REF:0000004	IEA	UniProtKB-KW:KW-0234	P	deltex_3-like,_E3_ubiquitin_ligase		protein	NCBITaxon:10090	20210627	UniProt		
MGI	MGI:1339939	Rpa2		GO:0006281	MGI:MGI:2152098|GO_REF:0000002	IEA	InterPro:IPR014646	P	replication_protein_A2	30-kDa_protein|Rf-A2|RPA34	protein	NCBITaxon:10090	20210627	UniProt		
MGI	MGI:1339939	Rpa2		GO:0006281	MGI:MGI:1354194|GO_REF:0000004	IEA	UniProtKB-KW:KW-0234	P	replication_protein_A2	30-kDa_protein|Rf-A2|RPA34	protein	NCBITaxon:10090	20210627	UniProt		
MGI	MGI:1861453	Actl6a		GO:0006281	MGI:MGI:1354194|GO_REF:0000004	IEA	UniProtKB-KW:KW-0234	P	actin-like_6A	2810432C06Rik|Actl6|ARP4|Baf53a	protein	NCBITaxon:10090	20210627	UniProt		
MGI	MGI:3576783	Eme1		GO:0006281	MGI:MGI:2152098|GO_REF:0000002	IEA	InterPro:IPR033310	P	essential_meiotic_structure-specific_endonuclease_1		protein	NCBITaxon:10090	20210627	UniProt		
MGI	MGI:3576783	Eme1		GO:0006281	MGI:MGI:1354194|GO_REF:0000004	IEA	UniProtKB-KW:KW-0234	P	essential_meiotic_structure-specific_endonuclease_1		protein	NCBITaxon:10090	20210627	UniProt		
MGI	MGI:1913658	Aptx		GO:0006281	MGI:MGI:1354194|GO_REF:0000004	IEA	UniProtKB-KW:KW-0234	P	aprataxin	2410016G21Rik	protein	NCBITaxon:10090	20210627	UniProt		
MGI	MGI:1913658	Aptx		GO:0006281	MGI:MGI:2152098|GO_REF:0000002	IEA	InterPro:IPR026963	P	aprataxin	2410016G21Rik	protein	NCBITaxon:10090	20210627	UniProt		
MGI	MGI:2429620	Hinfp		GO:0006281	MGI:MGI:4834177|GO_REF:0000096	ISO	UniProtKB:Q9BQA5	P	histone_H4_transcription_factor	DKFZp434F162|Mizf	protein	NCBITaxon:10090	20090717	MGI		
MGI	MGI:2387601	Hrob		GO:0006281	MGI:MGI:1354194|GO_REF:0000004	IEA	UniProtKB-KW:KW-0234	P	homologous_recombination_factor_with_OB-fold	BC030867	protein	NCBITaxon:10090	20210627	UniProt		
MGI	MGI:102959	Ube2a		GO:0006281	MGI:MGI:4834177|GO_REF:0000096	ISO	UniProtKB:P49459	P	ubiquitin-conjugating_enzyme_E2A	HHR6A|HR6A	protein	NCBITaxon:10090	20090703	MGI		
MGI	MGI:102959	Ube2a		GO:0006281	PMID:21873635	IBA	PANTHER:PTN000630651|UniProtKB:Q96UP5|UniProtKB:P49459|WB:WBGene00006701|SGD:S000003026|UniProtKB:P63146|FB:FBgn0004436	P	ubiquitin-conjugating_enzyme_E2A	HHR6A|HR6A	protein	NCBITaxon:10090	20200809	GO_Central		
MGI	MGI:102956	Cdk7		GO:0006281	MGI:MGI:1354194|GO_REF:0000004	IEA	UniProtKB-KW:KW-0234	P	cyclin-dependent_kinase_7	Cdkn7|Crk4|CRK4_PK_(CDC2-related-kinase-4_protein_kinase)	protein	NCBITaxon:10090	20210627	UniProt		
MGI	MGI:1917270	Ino80b		GO:0006281	MGI:MGI:1354194|GO_REF:0000004	IEA	UniProtKB-KW:KW-0234	P	INO80_complex_subunit_B	2510009I23Rik|HMG1YL4|Hmga1l4|Papa1|Znhit4	protein	NCBITaxon:10090	20210627	UniProt		
MGI	MGI:103582	Ercc5		GO:0006281	MGI:MGI:3041918|PMID:15082767	IMP	MGI:MGI:3043589	P	excision_repair_cross-complementing_rodent_repair_deficiency,_complementation_group_5	Xpg	protein	NCBITaxon:10090	20050819	MGI		
MGI	MGI:109635	Wrn		GO:0006281	PMID:21873635	IBA	PANTHER:PTN000344873|UniProtKB:P15043|TAIR:locus:2180255|FB:FBgn0027375|UniProtKB:P54132|SGD:S000004802|MGI:MGI:1328362|UniProtKB:Q14191|WB:WBGene00001865|PomBase:SPAC2G11.12|MGI:MGI:2156841|FB:FBgn0002906|TAIR:locus:2197394|UniProtKB:O94762|FB:FBgn0040290	P	Werner_syndrome_RecQ_like_helicase		protein	NCBITaxon:10090	20201205	GO_Central		
MGI	MGI:2182799	Kat7		GO:0006281	MGI:MGI:1354194|GO_REF:0000004	IEA	UniProtKB-KW:KW-0234	P	K(lysine)_acetyltransferase_7	Hbo1|Hboa|Myst2	protein	NCBITaxon:10090	20210627	UniProt		
MGI	MGI:1934919	Rnf111		GO:0006281	MGI:MGI:1354194|GO_REF:0000004	IEA	UniProtKB-KW:KW-0234	P	ring_finger_111	Arkadia	protein	NCBITaxon:10090	20210627	UniProt		
MGI	MGI:2182061	Usp7		GO:0006281	MGI:MGI:1354194|GO_REF:0000004	IEA	UniProtKB-KW:KW-0234	P	ubiquitin_specific_peptidase_7	2210010O09Rik	protein	NCBITaxon:10090	20210627	UniProt		
MGI	MGI:1858420	Mcrs1		GO:0006281	MGI:MGI:1354194|GO_REF:0000004	IEA	UniProtKB-KW:KW-0234	P	microspherule_protein_1	C78274|ICP22BP|MSP58|P78	protein	NCBITaxon:10090	20210627	UniProt		
MGI	MGI:1920181	Swi5		GO:0006281	MGI:MGI:1354194|GO_REF:0000004	IEA	UniProtKB-KW:KW-0234	P	SWI5_recombination_repair_homolog_(yeast)	1500019F05Rik|2900010J23Rik	protein	NCBITaxon:10090	20210627	UniProt		
MGI	MGI:2441808	Cdc14b		GO:0006281	MGI:MGI:1354194|GO_REF:0000004	IEA	UniProtKB-KW:KW-0234	P	CDC14_cell_division_cycle_14B	2810432N10Rik|A530086E13Rik	protein	NCBITaxon:10090	20210627	UniProt		
MGI	MGI:2448558	Fancb		GO:0006281	MGI:MGI:1354194|GO_REF:0000004	IEA	UniProtKB-KW:KW-0234	P	Fanconi_anemia,_complementation_group_B		protein	NCBITaxon:10090	20210627	UniProt		
MGI	MGI:2442410	Nfrkb		GO:0006281	MGI:MGI:1354194|GO_REF:0000004	IEA	UniProtKB-KW:KW-0234	P	nuclear_factor_related_to_kappa_B_binding_protein	A530090G11Rik	protein	NCBITaxon:10090	20210627	UniProt		
MGI	MGI:99150	Yy1		GO:0006281	MGI:MGI:1354194|GO_REF:0000004	IEA	UniProtKB-KW:KW-0234	P	YY1_transcription_factor	delta_transcription_factor|NF-E1|UCRBP_transcription_factor|Yin_Yang_1	protein	NCBITaxon:10090	20210627	UniProt		
MGI	MGI:1309481	Trip12		GO:0006281	MGI:MGI:1354194|GO_REF:0000004	IEA	UniProtKB-KW:KW-0234	P	thyroid_hormone_receptor_interactor_12	1110036I07Rik|6720416K24Rik|Gtl6	protein	NCBITaxon:10090	20210627	UniProt		
MGI	MGI:109344	Eya1		GO:0006281	MGI:MGI:1354194|GO_REF:0000004	IEA	UniProtKB-KW:KW-0234	P	EYA_transcriptional_coactivator_and_phosphatase_1	bor	protein	NCBITaxon:10090	20210627	UniProt		
MGI	MGI:109341	Eya2		GO:0006281	MGI:MGI:1354194|GO_REF:0000004	IEA	UniProtKB-KW:KW-0234	P	EYA_transcriptional_coactivator_and_phosphatase_2		protein	NCBITaxon:10090	20210627	UniProt		
MGI	MGI:109339	Eya3		GO:0006281	MGI:MGI:1354194|GO_REF:0000004	IEA	UniProtKB-KW:KW-0234	P	EYA_transcriptional_coactivator_and_phosphatase_3		protein	NCBITaxon:10090	20210627	UniProt		
MGI	MGI:109337	Brca2		GO:0006281	MGI:MGI:1354194|GO_REF:0000004	IEA	UniProtKB-KW:KW-0234	P	breast_cancer_2,_early_onset	Fancd1|RAB163	protein	NCBITaxon:10090	20210627	UniProt		
MGI	MGI:109337	Brca2		GO:0006281	MGI:MGI:2152098|GO_REF:0000002	IEA	InterPro:IPR015525	P	breast_cancer_2,_early_onset	Fancd1|RAB163	protein	NCBITaxon:10090	20210627	UniProt		
MGI	MGI:1096377	Traip		GO:0006281	MGI:MGI:1354194|GO_REF:0000004	IEA	UniProtKB-KW:KW-0234	P	TRAF-interacting_protein	Trip	protein	NCBITaxon:10090	20210627	UniProt		
MGI	MGI:1927167	Morf4l2		GO:0006281	MGI:MGI:1354194|GO_REF:0000004	IEA	UniProtKB-KW:KW-0234	P	mortality_factor_4_like_2	2410017O14Rik|Sid393p	protein	NCBITaxon:10090	20210627	UniProt		
MGI	MGI:1920422	Exo5		GO:0006281	MGI:MGI:1354194|GO_REF:0000004	IEA	UniProtKB-KW:KW-0234	P	exonuclease_5	3110037I16Rik|Dem1	protein	NCBITaxon:10090	20210627	UniProt		
MGI	MGI:2155865	Rrm2b		GO:0006281	MGI:MGI:2670318|PMID:12858174	IMP	MGI:MGI:2672883	P	ribonucleotide_reductase_M2_B_(TP53_inducible)	p53R2	protein	NCBITaxon:10090	20080117	MGI		
MGI	MGI:1927468	Samhd1		GO:0006281	MGI:MGI:1354194|GO_REF:0000004	IEA	UniProtKB-KW:KW-0234	P	SAM_domain_and_HD_domain,_1	E330031J07Rik	protein	NCBITaxon:10090	20210627	UniProt		
MGI	MGI:1098224	Rad51ap1		GO:0006281	MGI:MGI:2152098|GO_REF:0000002	IEA	InterPro:IPR026632	P	RAD51_associated_protein_1	2510006L10Rik|RAB22	protein	NCBITaxon:10090	20210627	UniProt		
MGI	MGI:1098224	Rad51ap1		GO:0006281	MGI:MGI:1354194|GO_REF:0000004	IEA	UniProtKB-KW:KW-0234	P	RAD51_associated_protein_1	2510006L10Rik|RAB22	protein	NCBITaxon:10090	20210627	UniProt		
MGI	MGI:1913591	Eid3		GO:0006281	PMID:21873635	IBA	PANTHER:PTN000414206|SGD:S000002263|PomBase:SPBC20F10.04c	P	EP300_interacting_inhibitor_of_differentiation_3	1700027M21Rik	protein	NCBITaxon:10090	20201205	GO_Central		
MGI	MGI:1339795	Smc3		GO:0006281	MGI:MGI:1354194|GO_REF:0000004	IEA	UniProtKB-KW:KW-0234	P	structural_maintenance_of_chromosomes_3	Bamacan|Cspg6|Mmip1|SmcD	protein	NCBITaxon:10090	20210627	UniProt		
MGI	MGI:1913653	Asf1a		GO:0006281	MGI:MGI:2154458|GO_REF:0000008	ISO	UniProtKB:Q9Y294	P	anti-silencing_function_1A_histone_chaperone	2310079C17Rik	protein	NCBITaxon:10090	20060110	MGI		
MGI	MGI:1917178	Cenps		GO:0006281	MGI:MGI:1354194|GO_REF:0000004	IEA	UniProtKB-KW:KW-0234	P	centromere_protein_S	2610040C18Rik|2810407L01Rik|Apitd1	protein	NCBITaxon:10090	20210627	UniProt		
MGI	MGI:1917178	Cenps		GO:0006281	MGI:MGI:2152098|GO_REF:0000002	IEA	InterPro:IPR033554	P	centromere_protein_S	2610040C18Rik|2810407L01Rik|Apitd1	protein	NCBITaxon:10090	20210627	UniProt		
MGI	MGI:1917167	Nabp2		GO:0006281	MGI:MGI:4834177|GO_REF:0000096	ISO	UniProtKB:Q9BQ15	P	nucleic_acid_binding_protein_2	2610036N15Rik|Obfc2b|SSB1	protein	NCBITaxon:10090	20090820	MGI		
MGI	MGI:1917167	Nabp2		GO:0006281	MGI:MGI:5629774|PMID:25589350	IMP		P	nucleic_acid_binding_protein_2	2610036N15Rik|Obfc2b|SSB1	protein	NCBITaxon:10090	20151218	BHF-UCL	GO:0000084	
MGI	MGI:99137	Xrcc1		GO:0006281	MGI:MGI:4359093|PMID:19633665	IMP	MGI:MGI:3836442	P	X-ray_repair_complementing_defective_repair_in_Chinese_hamster_cells_1	Xrcc-1	protein	NCBITaxon:10090	20120710	MGI	EMAPA:17787|CL:0000117	
MGI	MGI:99135	Xpa		GO:0006281	MGI:MGI:1270007|PMID:9661901	IMP	MGI:MGI:1857939	P	xeroderma_pigmentosum,_complementation_group_A	Xpac	protein	NCBITaxon:10090	20060823	MGI	CL:0000084	
MGI	MGI:99135	Xpa		GO:0006281	MGI:MGI:4834177|GO_REF:0000096	ISO	UniProtKB:P23025	P	xeroderma_pigmentosum,_complementation_group_A	Xpac	protein	NCBITaxon:10090	20160912	MGI		
MGI	MGI:99135	Xpa		GO:0006281	MGI:MGI:2179786|PMID:11950998	IMP	MGI:MGI:1857939	P	xeroderma_pigmentosum,_complementation_group_A	Xpac	protein	NCBITaxon:10090	20030814	MGI		
MGI	MGI:1922485	Exd2		GO:0006281	MGI:MGI:1354194|GO_REF:0000004	IEA	UniProtKB-KW:KW-0234	P	exonuclease_3'-5'_domain_containing_2	4930539P14Rik|Exdl2	protein	NCBITaxon:10090	20210627	UniProt		
MGI	MGI:1354163	Ercc4		GO:0006281	MGI:MGI:3027419|PMID:14729965	IMP	MGI:MGI:3028660	P	excision_repair_cross-complementing_rodent_repair_deficiency,_complementation_group_4	Xpf	protein	NCBITaxon:10090	20071012	MGI	EMAPA:16039|CL:0000057	
MGI	MGI:1354163	Ercc4		GO:0006281	MGI:MGI:4834177|GO_REF:0000096	ISO	UniProtKB:Q92889	P	excision_repair_cross-complementing_rodent_repair_deficiency,_complementation_group_4	Xpf	protein	NCBITaxon:10090	20150417	MGI		
MGI	MGI:1928760	Ruvbl1		GO:0006281	MGI:MGI:1354194|GO_REF:0000004	IEA	UniProtKB-KW:KW-0234	P	RuvB-like_protein_1	2510009G06Rik|Pontin52|Tip49a	protein	NCBITaxon:10090	20210627	UniProt		
MGI	MGI:894324	Cenpx		GO:0006281	MGI:MGI:2152098|GO_REF:0000002	IEA	InterPro:IPR018552	P	centromere_protein_X	Stra13	protein	NCBITaxon:10090	20210627	UniProt		
MGI	MGI:894324	Cenpx		GO:0006281	MGI:MGI:1354194|GO_REF:0000004	IEA	UniProtKB-KW:KW-0234	P	centromere_protein_X	Stra13	protein	NCBITaxon:10090	20210627	UniProt		
MGI	MGI:2153272	Trrap		GO:0006281	PMID:21873635	IBA	PANTHER:PTN000124276|SGD:S000001141	P	transformation/transcription_domain-associated_protein	transactivation/transformation-domain_associated_protein	protein	NCBITaxon:10090	20181017	GO_Central		
MGI	MGI:2150020	Rad51c		GO:0006281	MGI:MGI:4834177|GO_REF:0000096	ISO	UniProtKB:O43502	P	RAD51_paralog_C	Rad51l2	protein	NCBITaxon:10090	20100920	MGI		
MGI	MGI:1915276	Pclaf		GO:0006281	MGI:MGI:1354194|GO_REF:0000004	IEA	UniProtKB-KW:KW-0234	P	PCNA_clamp_associated_factor	2810417H13Rik|p15(PAF)	protein	NCBITaxon:10090	20210627	UniProt		
MGI	MGI:1933117	Parp9		GO:0006281	MGI:MGI:1354194|GO_REF:0000004	IEA	UniProtKB-KW:KW-0234	P	poly_(ADP-ribose)_polymerase_family,_member_9		protein	NCBITaxon:10090	20210627	UniProt		
MGI	MGI:97503	Pcna		GO:0006281	MGI:MGI:1354194|GO_REF:0000004	IEA	UniProtKB-KW:KW-0234	P	proliferating_cell_nuclear_antigen		protein	NCBITaxon:10090	20210627	UniProt		
MGI	MGI:3040695	Palb2		GO:0006281	MGI:MGI:1354194|GO_REF:0000004	IEA	UniProtKB-KW:KW-0234	P	partner_and_localizer_of_BRCA2		protein	NCBITaxon:10090	20210627	UniProt		
MGI	MGI:2145448	Slf1		GO:0006281	MGI:MGI:1354194|GO_REF:0000004	IEA	UniProtKB-KW:KW-0234	P	SMC5-SMC6_complex_localization_factor_1	2700017A04Rik|Ankrd32|Brctd1|Brctx|C730024G01Rik	protein	NCBITaxon:10090	20210627	UniProt		
MGI	MGI:2445153	Clspn		GO:0006281	MGI:MGI:1354194|GO_REF:0000004	IEA	UniProtKB-KW:KW-0234	P	claspin	C85083|E130314M08Rik	protein	NCBITaxon:10090	20210627	UniProt		
MGI	MGI:1918040	Ubr5		GO:0006281	MGI:MGI:1354194|GO_REF:0000004	IEA	UniProtKB-KW:KW-0234	P	ubiquitin_protein_ligase_E3_component_n-recognin_5	4432411E13Rik|Edd|Edd1	protein	NCBITaxon:10090	20210627	UniProt		
MGI	MGI:1919449	Mms19		GO:0006281	MGI:MGI:4834177|GO_REF:0000096	ISO	UniProtKB:Q96T76	P	MMS19_cytosolic_iron-sulfur_assembly_component	2610042O15Rik|C86341|Mms19l	protein	NCBITaxon:10090	20120726	MGI		
MGI	MGI:1919401	Rfc5		GO:0006281	PMID:21873635	IBA	PANTHER:PTN000186209|PomBase:SPAC27E2.10c|PomBase:SPAC1687.03c|PomBase:SPAC23D3.02|PomBase:SPBC83.14c	P	replication_factor_C_(activator_1)_5	2610020K06Rik|2610209F07Rik|36.5kDa|36kDa|Recc5	protein	NCBITaxon:10090	20170228	GO_Central		
MGI	MGI:1922948	Shld2		GO:0006281	MGI:MGI:1354194|GO_REF:0000004	IEA	UniProtKB-KW:KW-0234	P	shieldin_complex_subunit_2	3110001K24Rik|Fam35a	protein	NCBITaxon:10090	20210627	UniProt		
MGI	MGI:1922702	Ascc2		GO:0006281	MGI:MGI:1354194|GO_REF:0000004	IEA	UniProtKB-KW:KW-0234	P	activating_signal_cointegrator_1_complex_subunit_2	1700011I11Rik|2610034L15Rik|ASC1p100	protein	NCBITaxon:10090	20210627	UniProt		
MGI	MGI:1918362	Zranb3		GO:0006281	MGI:MGI:4834177|GO_REF:0000096	ISO	UniProtKB:Q5FWF4	P	zinc_finger,_RAN-binding_domain_containing_3	4933425L19Rik	protein	NCBITaxon:10090	20120824	MGI		
MGI	MGI:1918362	Zranb3		GO:0006281	PMID:21873635	IBA	PANTHER:PTN002908525|FB:FBgn0031655|UniProtKB:Q9NZC9|UniProtKB:Q5FWF4	P	zinc_finger,_RAN-binding_domain_containing_3	4933425L19Rik	protein	NCBITaxon:10090	20210601	GO_Central		
MGI	MGI:1919140	Mad2l2		GO:0006281	MGI:MGI:1354194|GO_REF:0000004	IEA	UniProtKB-KW:KW-0234	P	MAD2_mitotic_arrest_deficient-like_2	2310033C13Rik|G1-453-4|MAD2B|repro22|REV7	protein	NCBITaxon:10090	20210627	UniProt		
MGI	MGI:1919135	Faap100		GO:0006281	MGI:MGI:1354194|GO_REF:0000004	IEA	UniProtKB-KW:KW-0234	P	Fanconi_anemia_core_complex_associated_protein_100	2310003H01Rik	protein	NCBITaxon:10090	20210627	UniProt		
MGI	MGI:1890948	Supt16		GO:0006281	MGI:MGI:1354194|GO_REF:0000004	IEA	UniProtKB-KW:KW-0234	P	SPT16,_facilitates_chromatin_remodeling_subunit	Cdc68|Fact140|Spt16|Supt16h	protein	NCBITaxon:10090	20210627	UniProt		
MGI	MGI:2442306	Fancm		GO:0006281	MGI:MGI:2152098|GO_REF:0000002	IEA	InterPro:IPR039686	P	Fanconi_anemia,_complementation_group_M	C730036B14Rik|D12Ertd364e	protein	NCBITaxon:10090	20210627	UniProt		
MGI	MGI:2442306	Fancm		GO:0006281	MGI:MGI:1354194|GO_REF:0000004	IEA	UniProtKB-KW:KW-0234	P	Fanconi_anemia,_complementation_group_M	C730036B14Rik|D12Ertd364e	protein	NCBITaxon:10090	20210627	UniProt		
